[02Jan2026 21:14:05.210] [main/INFO] [cpw.mods.modlauncher.Launcher/MODLAUNCHER]: ModLauncher running: args [--launchTarget, forgeserver, --fml.forgeVersion, 47.3.0, --fml.mcVersion, 1.20.1, --fml.forgeGroup, net.minecraftforge, --fml.mcpVersion, 20230612.114412, nogui]
[02Jan2026 21:14:05.214] [main/INFO] [cpw.mods.modlauncher.Launcher/MODLAUNCHER]: ModLauncher 10.0.9+10.0.9+main.dcd20f30 starting: java version 17.0.17 by Ubuntu; OS Linux arch amd64 version 6.8.0-1030-azure
[02Jan2026 21:14:07.345] [main/INFO] [net.minecraftforge.fml.loading.ImmediateWindowHandler/]: ImmediateWindowProvider not loading because launch target is forgeserver
[02Jan2026 21:14:07.358] [main/INFO] [mixin-transmog/]: Mixin Transmogrifier is definitely up to no good...
[02Jan2026 21:14:07.393] [main/INFO] [mixin-transmog/]: crimes against java were committed
[02Jan2026 21:14:07.415] [main/INFO] [mixin-transmog/]: Original mixin transformation service successfully crobbed by mixin-transmogrifier!
[02Jan2026 21:14:07.463] [main/INFO] [mixin/]: SpongePowered MIXIN Subsystem Version=0.8.5 Source=union:/workspaces/Minecraft-server-1.20.1-VERSION-1.0/servidor_minecraft/mods/Connector-1.0.0-beta.45+1.20.1.jar%23249%23252!/ Service=ModLauncher Env=SERVER
[02Jan2026 21:14:08.084] [main/WARN] [net.minecraftforge.fml.loading.moddiscovery.ModFileParser/LOADING]: Mod file /workspaces/Minecraft-server-1.20.1-VERSION-1.0/servidor_minecraft/libraries/net/minecraftforge/fmlcore/1.20.1-47.3.0/fmlcore-1.20.1-47.3.0.jar is missing mods.toml file
[02Jan2026 21:14:08.085] [main/WARN] [net.minecraftforge.fml.loading.moddiscovery.ModFileParser/LOADING]: Mod file /workspaces/Minecraft-server-1.20.1-VERSION-1.0/servidor_minecraft/libraries/net/minecraftforge/javafmllanguage/1.20.1-47.3.0/javafmllanguage-1.20.1-47.3.0.jar is missing mods.toml file
[02Jan2026 21:14:08.086] [main/WARN] [net.minecraftforge.fml.loading.moddiscovery.ModFileParser/LOADING]: Mod file /workspaces/Minecraft-server-1.20.1-VERSION-1.0/servidor_minecraft/libraries/net/minecraftforge/lowcodelanguage/1.20.1-47.3.0/lowcodelanguage-1.20.1-47.3.0.jar is missing mods.toml file
[02Jan2026 21:14:08.087] [main/WARN] [net.minecraftforge.fml.loading.moddiscovery.ModFileParser/LOADING]: Mod file /workspaces/Minecraft-server-1.20.1-VERSION-1.0/servidor_minecraft/libraries/net/minecraftforge/mclanguage/1.20.1-47.3.0/mclanguage-1.20.1-47.3.0.jar is missing mods.toml file
[02Jan2026 21:14:08.739] [main/INFO] [net.minecraftforge.fml.loading.moddiscovery.JarInJarDependencyLocator/]: Found 83 dependencies adding them to mods collection
[02Jan2026 21:14:10.010] [main/INFO] [org.sinytra.connector.locator.DependencyResolver/]: Dependency resolution found 25 candidates to load
[02Jan2026 21:14:11.839] [main/INFO] [org.sinytra.connector.service.hacks.ModuleLayerMigrator/]: Successfully made module authlib transformable
[02Jan2026 21:14:15.293] [main/INFO] [mixin/]: Compatibility level set to JAVA_17
[02Jan2026 21:14:16.048] [main/INFO] [mixin/]: Successfully loaded Mixin Connector [ca.spottedleaf.starlight.mixin.MixinConnector]
[02Jan2026 21:14:16.049] [main/INFO] [mixin/]: Successfully loaded Mixin Connector [de.maxhenkel.tradecycling.MixinConnector]
[02Jan2026 21:14:16.066] [main/INFO] [cpw.mods.modlauncher.LaunchServiceHandler/MODLAUNCHER]: Launching target 'forgeserver' with arguments [nogui]
[02Jan2026 21:14:16.173] [main/INFO] [ModernFix/]: Loaded configuration file for ModernFix 5.16.1+mc1.20.1: 78 options available, 0 override(s) found
[02Jan2026 21:14:16.174] [main/INFO] [ModernFix/]: Applying Nashorn fix
[02Jan2026 21:14:16.188] [main/INFO] [ModernFix/]: Applied Forge config corruption patch
[02Jan2026 21:14:16.248] [main/INFO] [Embeddium/]: Loaded configuration file for Embeddium: 263 options available, 0 override(s) found
[02Jan2026 21:14:16.475] [main/INFO] [Puzzles Lib/]: Loading 216 mods:
	- accessories 1.0.0-beta42+1.20.1
		|-- fabric_api_base 0.4.31+ef105b4977
		|-- fabric_entity_events_v1 1.6.0+6274ab9d77
		\-- fabric_object_builder_api_v1 11.1.3+2174fc8477
	- alexscaves 2.0.2
	- alexsmobs 1.22.9
	- animal_feeding_trough 1.1.0+1.20.1-forge
	- another_furniture 1.20.1-3.0.1
	- appleskin 2.5.1+mc1.20.1
	- aquamirae 6.API15
	- archers 1.2.51.20.1
	- architectury 9.2.14
	- armordamagescale 1.20.1-3.1
	- astikorcarts 1.1.7
	- awesomedungeon 3.2.0
	- awesomedungeonend 3.1.1
	- awesomedungeonnether 3.1.1
	- awesomedungeonocean 3.3.0
	- azurelib 2.0.41
	- azurelibarmor 2.0.3
	- balm 7.3.11
		\-- kuma_api 20.1.9-SNAPSHOT
	- bclib 3.0.14
	- beautify 2.0.2
	- bendylib 4.0.0
	- better_weaponry 1.1.3
	- bettercombat 1.8.6+1.20.1
	- betterdeserttemples 1.20-Forge-3.0.3
	- betterend 4.0.11
	- betterendisland 1.20-Forge-2.0.6
	- betterfortresses 1.20-Forge-2.0.6
	- betterjungletemples 1.20-Forge-2.0.5
	- bettermineshafts 1.20-Forge-4.0.4
	- bettermobcombat 1.2.4
	- betternether 9.0.10
	- betteroceanmonuments 1.20-Forge-3.0.4
	- betterstrongholds 1.20-Forge-4.0.3
	- biomeswevegone 1.5.1
	- bookshelf 20.2.13
	- cardinal_components_base 5.2.2
	- cardinal_components_entity 5.2.2
	- cataclysm 2.35
	- chiselsandbits 1.4.148
		\-- scena 1.0.103
	- chunky 1.3.146
	- citadel 2.6.1
	- cloth_config 11.1.136
	- com_github_llamalad7_mixinextras 0.2.2
	- com_github_zsoltmolnarrr_tinyconfig 2.3.2
	- comforts 6.4.0+1.20.1
	- connectorextras 1.11.2+1.20.1
		|-- amecsapi 1.5.3+mc1.20-pre1
		|-- connectorextras_architectury_bridge 1.11.2+1.20.1
		|-- connectorextras_emi_bridge 1.11.2+1.20.1
		|-- connectorextras_energy_bridge 1.11.2+1.20.1
		|-- connectorextras_geckolib_fabric_compat 1.11.2+1.20.1
		|-- connectorextras_jei_bridge 1.11.2+1.20.1
		|-- connectorextras_kubejs_bridge 1.11.2+1.20.1
		|-- connectorextras_modmenu_bridge 1.11.2+1.20.1
			\-- modmenu 7.2.2
		|-- connectorextras_pehkui_bridge 1.11.2+1.20.1
		|-- connectorextras_rei_bridge 1.11.2+1.20.1
		|-- connectorextras_terrablender_bridge 1.11.2+1.20.1
		|-- forgeconfigapiport 8.0.0
		\-- reach_entity_attributes 2.4.0
	- connectormod 1.0.0-beta.46+1.20.1
	- corgilib 4.0.3.3
	- cpm 0.6.19b
	- create 0.5.1.f
		\-- flywheel 0.6.10-7
	- creativecore 2.12.28
	- ctov 3.4.14
	- culllessleaves 1.20.1-1.0.5
	- cupboard 1.20.1-2.6
	- curios 7.4.0+1.20.1
		\-- cclayer 0.beta.18
	- curiouslanterns 1.20.1-1.3.2
	- dummmmmmy 1.20-1.9.0
	- dungeons_arise 2.1.58-1.20.x
	- dungeons_arise_seven_seas 1.0.2
	- eeeabsmobs 1.20.1-0.96.1
	- embeddium 0.3.31+mc1.20.1
		\-- rubidium 0.7.1
	- embeddiumplus 1.2.13
	- emotecraft 2.2.7-b.build.50
	- enchantinginfuser 8.0.3
	- endrem 5.2.3-R-1.20.1
	- entity_model_features 2.4.1
	- entity_texture_features 6.2.9
	- entityculling 1.7.2
	- extraspellattributes 1.2.17
	- fabric_api 0.92.2+1.11.8+1.20.1
		|-- fabric_api_lookup_api_v1 1.6.36+67f9824077
		|-- fabric_biome_api_v1 13.0.13+dc36698e77
		|-- fabric_block_api_v1 1.0.11+0e6cb7f777
		|-- fabric_block_view_api_v2 1.0.1+0767707077
		|-- fabric_blockrenderlayer_v1 1.1.41+1d0da21e77
		|-- fabric_client_tags_api_v1 1.1.2+5d6761b877
		|-- fabric_command_api_v1 1.2.34+f71b366f77
		|-- fabric_command_api_v2 2.2.13+561530ec77
		|-- fabric_content_registries_v0 4.0.11+a670df1e77
		|-- fabric_convention_tags_v1 1.5.5+fa3d1c0177
		|-- fabric_data_attachment_api_v1 1.0.0+30ef839e77
		|-- fabric_data_generation_api_v1 12.3.4+369cb3a477
		|-- fabric_dimensions_v1 2.1.54+8005d10d77
		|-- fabric_events_interaction_v0 0.6.2+0d0bd5a777
		|-- fabric_game_rule_api_v1 1.0.40+683d4da877
		|-- fabric_item_api_v1 2.1.28+4d0bbcfa77
		|-- fabric_item_group_api_v1 4.0.12+c9161c2d77
		|-- fabric_key_binding_api_v1 1.0.37+561530ec77
		|-- fabric_lifecycle_events_v1 2.2.22+afab492177
		|-- fabric_loot_api_v2 1.2.1+eb28f93e77
		|-- fabric_message_api_v1 5.1.9+52cc178c77
		|-- fabric_mining_level_api_v1 2.1.50+561530ec77
		|-- fabric_model_loading_api_v1 1.0.3+6274ab9d77
		|-- fabric_models_v0 0.4.2+7c3892a477
		|-- fabric_networking_api_v1 1.3.11+503a202477
		|-- fabric_particles_v1 1.1.2+78e1ecb877
		|-- fabric_recipe_api_v1 1.0.21+514a076577
		|-- fabric_registry_sync_v0 2.3.3+1c0ea72177
		|-- fabric_renderer_api_v1 3.2.1+1d29b44577
		|-- fabric_renderer_indigo 1.5.2+b5b2da4177
		|-- fabric_rendering_data_attachment_v1 0.3.37+a6081afc77
		|-- fabric_rendering_fluids_v1 3.0.28+4ac5e37a77
		|-- fabric_rendering_v1 3.0.8+66e9a48f77
		|-- fabric_resource_conditions_api_v1 2.3.8+9ad825cd77
		|-- fabric_resource_loader_v0 0.11.10+bcd08ed377
		|-- fabric_screen_api_v1 2.0.8+45a670a577
		|-- fabric_screen_handler_api_v1 1.3.30+561530ec77
		|-- fabric_sound_api_v1 1.0.13+4f23bd8477
		|-- fabric_transfer_api_v1 3.3.5+631c9cd677
		\-- fabric_transitive_access_wideners_v1 4.3.1+1880499877
	- fabulousfletching 1.0.0
	- fallingleaves 2.1.0-beta.1
	- farmersdelight 1.20.1-1.2.4
	- ferritecore 6.0.1
	- flib 0.0.14
	- forge 47.3.0
	- geckolib 4.4.4
	- gpumemleakfix 1.20.1-1.8
	- hopo 1.2.2
	- hoporp 1.3.7
	- hopour 1.1.4
	- iceberg 1.1.21
	- illager_additions 1.20.1-0.0.2-alpha
	- immediatelyfast 1.2.12+1.20.4
	- immersive_aircraft 1.0.1+1.20.1
	- itemblacklist 1.20.1-1.0.0f
	- jade 11.9.2+forge
	- jei 15.20.0.105
	- leavesbegone 8.0.0
	- libraryferret 4.0.0
	- lionfishapi 2.4-Fix
	- lithostitched 1.4.11
	- lucent 1.5.5
	- luphieclutteredmod 2.1
	- mantle 1.11.28
	- minecraft 1.20.1
	- minsenchantments 1.0.0
	- mobplayeranimator 1.3.2
	- modernfix 5.16.1+mc1.20.1
	- moonlight 1.20-2.11.31
	- mr_dungeons_andtaverns 3.0.3.f
	- mr_limesplatus_ending 1-v1.1.0c
	- necronomicon 1.6.0
	- nerb 0.4.1
	- obscure_api 15
	- octolib 0.4.2
	- ohthetreesyoullgrow 1.20.1-1.3.0
	- openpartiesandclaims 0.23.7
	- opf 1
	- paladins 1.3.11.20.1
	- paraglider 20.1.3
	- playeranimator 1.0.2-rc1+1.20
	- playeranimatorapi 2.1.0
	- playerrevive 2.0.31
	- polylib 2000.0.3-build.143
	- polymorph 0.49.8+1.20.1
		\-- spectrelib 0.13.17+1.20.1
	- prism 1.0.5
	- puzzleslib 8.1.25
		\-- puzzlesaccessapi 8.0.7
	- radiantgear 2.1.5+1.20.1
	- ranged_weapon_api 1.1.11.20.1
	- resourcefulconfig 2.1.2
	- resourcefullib 2.1.25
	- rogues 1.1.01.20.1
	- runes 0.9.131.20.1
	- scuba_gear 1.0.6
	- searchables 1.0.3
	- shield_api 1.0.11.20.1
	- shield_overhaul 2.0.1
	- shrink 1.4.5
	- simple_quiver 1.1.1-mc1.20.1
	- skyvillages 1.0.4
	- sophisticatedbackpacks 3.22.0.1165
	- sophisticatedcore 1.1.1.832
	- species 1.20.1-2.2-forge
	- spell_engine 0.15.91.20.1
	- spell_power 0.11.11.20.1
	- starlight 1.1.2+forge.1cda73c
	- structure_pool_api 1.01.20.1
	- structurecompass 2.0.9
	- tclayer 3.8.1beta.14
	- tconstruct 3.9.0.6
	- terrablender 3.0.1.7
	- tickrateapi 1.0.0
	- tombstone 9.0.9
	- toms_storage 1.6.9
	- trade_cycling 1.20.1-1.0.15
	- twilightforest 4.3.2508
	- vivecraft 1.20.1-1.3.4
		\-- mixinextras 0.4.1
	- wunderlib 1.1.5
	- xaerominimap 24.7.1
	- xaeroworldmap 1.39.2
	- yungsapi 1.20-Forge-4.0.5
	- yungsbridges 1.20-Forge-4.0.3
	- zigysmultiloaderutils 1.2.4
[02Jan2026 21:14:16.494] [main/WARN] [mixin/]: Reference map 'Aquamirae.refmap.json' for aquamirae.mixins.json could not be read. If this is a development environment you can ignore this message
[02Jan2026 21:14:16.677] [main/WARN] [mixin/]: Reference map 'zigysmultiloaderutils-common-1.20.1-common-refmap.json' for zigysmultiloaderutils-common.mixins.json could not be read. If this is a development environment you can ignore this message
[02Jan2026 21:14:16.950] [main/WARN] [mixin/]: Reference map 'chiselsandbits.refmap.json' for chisels-and-bits.mixins.json could not be read. If this is a development environment you can ignore this message
[02Jan2026 21:14:16.964] [main/WARN] [mixin/]: Reference map '' for adapter.init.mixins.json could not be read. If this is a development environment you can ignore this message
[02Jan2026 21:14:17.958] [main/ERROR] [net.minecraftforge.fml.loading.RuntimeDistCleaner/DISTXFORM]: Attempted to load class net/minecraft/client/MouseHandler for invalid dist DEDICATED_SERVER
[02Jan2026 21:14:17.958] [main/WARN] [mixin/]: Error loading class: net/minecraft/client/MouseHandler (java.lang.RuntimeException: Attempted to load class net/minecraft/client/MouseHandler for invalid dist DEDICATED_SERVER)
[02Jan2026 21:14:17.959] [main/WARN] [mixin/]: @Mixin target net.minecraft.client.MouseHandler was not found fabric-screen-api-v1.mixins.json:MouseMixin from mod fabric_screen_api_v1
[02Jan2026 21:14:17.960] [main/ERROR] [net.minecraftforge.fml.loading.RuntimeDistCleaner/DISTXFORM]: Attempted to load class net/minecraft/client/gui/screens/Screen for invalid dist DEDICATED_SERVER
[02Jan2026 21:14:17.960] [main/WARN] [mixin/]: Error loading class: net/minecraft/client/gui/screens/Screen (java.lang.RuntimeException: Attempted to load class net/minecraft/client/gui/screens/Screen for invalid dist DEDICATED_SERVER)
[02Jan2026 21:14:17.961] [main/WARN] [mixin/]: @Mixin target net.minecraft.client.gui.screens.Screen was not found fabric-screen-api-v1.mixins.json:ScreenAccessor from mod fabric_screen_api_v1
[02Jan2026 21:14:18.220] [main/WARN] [mixin/]: Error loading class: com/aetherteam/aether/inventory/menu/AccessoriesMenu (java.lang.ClassNotFoundException: com.aetherteam.aether.inventory.menu.AccessoriesMenu)
[02Jan2026 21:14:18.464] [main/ERROR] [net.minecraftforge.fml.loading.RuntimeDistCleaner/DISTXFORM]: Attempted to load class net/minecraft/client/renderer/LevelRenderer for invalid dist DEDICATED_SERVER
[02Jan2026 21:14:18.464] [main/WARN] [mixin/]: Error loading class: net/minecraft/client/renderer/LevelRenderer (java.lang.RuntimeException: Attempted to load class net/minecraft/client/renderer/LevelRenderer for invalid dist DEDICATED_SERVER)
[02Jan2026 21:14:18.464] [main/WARN] [mixin/]: @Mixin target net.minecraft.client.renderer.LevelRenderer was not found accessories-common.mixins.json:LevelRendererAccessor from mod accessories
[02Jan2026 21:14:18.656] [main/ERROR] [net.minecraftforge.fml.loading.RuntimeDistCleaner/DISTXFORM]: Attempted to load class net/minecraft/client/gui/Gui for invalid dist DEDICATED_SERVER
[02Jan2026 21:14:18.656] [main/WARN] [mixin/]: Error loading class: net/minecraft/client/gui/Gui (java.lang.RuntimeException: Attempted to load class net/minecraft/client/gui/Gui for invalid dist DEDICATED_SERVER)
[02Jan2026 21:14:18.657] [main/WARN] [mixin/]: @Mixin target net.minecraft.client.gui.Gui was not found shield_overhaul.mixins.json:CursorIconMixin from mod shield_overhaul
[02Jan2026 21:14:18.671] [main/WARN] [mixin/]: Error loading class: forge/net/mca/entity/ai/brain/tasks/ExtendedMeleeAttackTask (java.lang.ClassNotFoundException: forge.net.mca.entity.ai.brain.tasks.ExtendedMeleeAttackTask)
[02Jan2026 21:14:18.674] [main/WARN] [mixin/]: Error loading class: fabric/net/mca/entity/ai/brain/tasks/ExtendedMeleeAttackTask (java.lang.ClassNotFoundException: fabric.net.mca.entity.ai.brain.tasks.ExtendedMeleeAttackTask)
[02Jan2026 21:14:18.679] [main/WARN] [mixin/]: Error loading class: noppes/npcs/ai/EntityAIAttackTarget (java.lang.ClassNotFoundException: noppes.npcs.ai.EntityAIAttackTarget)
[02Jan2026 21:14:18.683] [main/WARN] [mixin/]: Error loading class: tallestegg/guardvillagers/entities/Guard$GuardMeleeGoal (java.lang.ClassNotFoundException: tallestegg.guardvillagers.entities.Guard$GuardMeleeGoal)
[02Jan2026 21:14:18.687] [main/WARN] [mixin/]: Error loading class: com/talhanation/recruits/entities/AbstractRecruitEntity (java.lang.ClassNotFoundException: com.talhanation.recruits.entities.AbstractRecruitEntity)
[02Jan2026 21:14:18.691] [main/WARN] [mixin/]: Error loading class: com/talhanation/recruits/util/AttackUtil (java.lang.ClassNotFoundException: com.talhanation.recruits.util.AttackUtil)
[02Jan2026 21:14:18.695] [main/WARN] [mixin/]: Error loading class: com/talhanation/recruits/entities/ai/HorsemanAttackAI (java.lang.ClassNotFoundException: com.talhanation.recruits.entities.ai.HorsemanAttackAI)
[02Jan2026 21:14:18.699] [main/WARN] [mixin/]: Error loading class: com/talhanation/recruits/entities/ai/pillager/PillagerMeleeAttackGoal (java.lang.ClassNotFoundException: com.talhanation.recruits.entities.ai.pillager.PillagerMeleeAttackGoal)
[02Jan2026 21:14:18.703] [main/WARN] [mixin/]: Error loading class: com/talhanation/recruits/entities/ai/RecruitEatGoal (java.lang.ClassNotFoundException: com.talhanation.recruits.entities.ai.RecruitEatGoal)
[02Jan2026 21:14:18.705] [main/WARN] [mixin/]: Error loading class: com/talhanation/recruits/entities/ai/RecruitMeleeAttackGoal (java.lang.ClassNotFoundException: com.talhanation.recruits.entities.ai.RecruitMeleeAttackGoal)
[02Jan2026 21:14:18.708] [main/WARN] [mixin/]: Error loading class: com/talhanation/recruits/entities/ai/UseShield (java.lang.ClassNotFoundException: com.talhanation.recruits.entities.ai.UseShield)
[02Jan2026 21:14:18.881] [main/ERROR] [net.minecraftforge.fml.loading.RuntimeDistCleaner/DISTXFORM]: Attempted to load class net/minecraft/client/Camera for invalid dist DEDICATED_SERVER
[02Jan2026 21:14:18.882] [main/WARN] [mixin/]: Error loading class: net/minecraft/client/Camera (java.lang.RuntimeException: Attempted to load class net/minecraft/client/Camera for invalid dist DEDICATED_SERVER)
[02Jan2026 21:14:18.882] [main/WARN] [mixin/]: @Mixin target net.minecraft.client.Camera was not found playeranimatorapi-common.mixins.json:CameraAccessor from mod playeranimatorapi
[02Jan2026 21:14:19.967] [main/INFO] [MixinExtras|Service/]: Initializing MixinExtras via com.llamalad7.mixinextras.service.MixinExtrasServiceImpl(version=0.4.1).
[02Jan2026 21:14:20.604] [main/INFO] [net.minecraft.server.Bootstrap/]: ModernFix reached bootstrap stage (17.76 s after launch)
[02Jan2026 21:14:20.823] [main/WARN] [mixin/]: @Final field delegatesByName:Ljava/util/Map; in modernfix-forge.mixins.json:perf.forge_registry_alloc.ForgeRegistryMixin from mod modernfix should be final
[02Jan2026 21:14:20.823] [main/WARN] [mixin/]: @Final field delegatesByValue:Ljava/util/Map; in modernfix-forge.mixins.json:perf.forge_registry_alloc.ForgeRegistryMixin from mod modernfix should be final
[02Jan2026 21:14:20.925] [main/INFO] [ModernFix/]: Injecting BlockStateBase cache population hook into getOpacityIfCached from ca.spottedleaf.starlight.mixin.common.blockstate.BlockStateBaseMixin
[02Jan2026 21:14:20.926] [main/INFO] [ModernFix/]: Injecting BlockStateBase cache population hook into isConditionallyFullOpaque from ca.spottedleaf.starlight.mixin.common.blockstate.BlockStateBaseMixin
[02Jan2026 21:14:23.590] [main/INFO] [net.minecraft.server.Bootstrap/]: Vanilla bootstrap took 2983 milliseconds
[02Jan2026 21:14:25.699] [main/WARN] [mixin/]: Method overwrite conflict for scheduleRandomTick in corgilib-common.mixins.json:chunk.MixinChunkAccess from mod corgilib, previously written by dev.corgitaco.ohthetreesyoullgrow.mixin.chunk.MixinChunkAccess. Skipping method.
[02Jan2026 21:14:25.699] [main/WARN] [mixin/]: Method overwrite conflict for getScheduledRandomTicks in corgilib-common.mixins.json:chunk.MixinChunkAccess from mod corgilib, previously written by dev.corgitaco.ohthetreesyoullgrow.mixin.chunk.MixinChunkAccess. Skipping method.
[02Jan2026 21:14:25.916] [main/WARN] [mixin/]: @Inject(@At("INVOKE")) Shift.BY=2 on accessories-common.mixins.json:NbtCompoundMixin from mod accessories::handler$zjf000$accessories$adjustCheckForListVariants exceeds the maximum allowed value: 0. Increase the value of maxShiftBy to suppress this warning.
[02Jan2026 21:14:26.715] [main/WARN] [mixin/]: Mixin alexscaves.mixins.json:SwampHutPieceMixin from mod alexscaves has multiple constructors, (Lnet/minecraft/world/level/levelgen/structure/pieces/StructurePieceType;IIIIIILnet/minecraft/core/Direction;)V was selected

[02Jan2026 21:14:26.851] [main/WARN] [mixin/]: Static binding violation: PRIVATE @Overwrite method m_47505_ in modernfix-common.mixins.json:perf.remove_biome_temperature_cache.BiomeMixin from mod modernfix cannot reduce visibiliy of PUBLIC target method, visibility will be upgraded.
[02Jan2026 21:14:27.146] [main/INFO] [org.betterx.worlds.together.util.Logger/]: [betternether] =^..^=    BetterNether for 1.20    =^..^=
[02Jan2026 21:14:27.156] [main/INFO] [org.betterx.worlds.together.util.Logger/]: [bclib] Added Config betternether.main to auto sync (file hash)
[02Jan2026 21:14:27.157] [main/INFO] [org.betterx.worlds.together.util.Logger/]: [bclib] Added Config betternether.generator to auto sync (file hash)
[02Jan2026 21:14:27.157] [main/INFO] [org.betterx.worlds.together.util.Logger/]: [bclib] Added Config betternether.blocks to auto sync (file hash)
[02Jan2026 21:14:27.158] [main/INFO] [org.betterx.worlds.together.util.Logger/]: [bclib] Added Config betternether.items to auto sync (file hash)
[02Jan2026 21:14:27.158] [main/INFO] [org.betterx.worlds.together.util.Logger/]: [bclib] Added Config betternether.biomes to auto sync (file hash)
[02Jan2026 21:14:27.159] [main/INFO] [org.betterx.worlds.together.util.Logger/]: [bclib] Added Config betternether.mobs to auto sync (file hash)
[02Jan2026 21:14:27.159] [main/INFO] [org.betterx.worlds.together.util.Logger/]: [bclib] Added Config betternether.recipes to auto sync (file hash)
[02Jan2026 21:14:27.257] [main/WARN] [mixin/]: Static binding violation: PRIVATE @Overwrite method m_215924_ in modernfix-forge.mixins.json:perf.tag_id_caching.TagEntryMixin from mod modernfix cannot reduce visibiliy of PUBLIC target method, visibility will be upgraded.
[02Jan2026 21:14:27.434] [main/WARN] [org.betterx.worlds.together.util.Logger/]: [bclib] Recipe betternether:bone_block_bone_button only takes in a single item and should be shapeless
[02Jan2026 21:14:28.536] [main/INFO] [necronomicon/]: File exists, reading config for elocin.shield_overhaul.config.server.ShieldConfig.
[02Jan2026 21:14:28.537] [main/INFO] [necronomicon/]: Config for elocin.shield_overhaul.config.server.ShieldConfig read successfully.
[02Jan2026 21:14:28.538] [main/INFO] [shield_overhaul/]: Shield Overhaul's Config Loaded!
[02Jan2026 21:14:28.578] [main/INFO] [shield_api/]: Shield API initialized!
[02Jan2026 21:14:28.595] [main/INFO] [extraspellattributes/]: Hello Fabric world!
[02Jan2026 21:14:28.665] [main/INFO] [org.betterx.worlds.together.util.Logger/]: [bclib] Added Config betterend.entities to auto sync (file hash)
[02Jan2026 21:14:28.666] [main/INFO] [org.betterx.worlds.together.util.Logger/]: [bclib] Added Config betterend.blocks to auto sync (file hash)
[02Jan2026 21:14:28.666] [main/INFO] [org.betterx.worlds.together.util.Logger/]: [bclib] Added Config betterend.items to auto sync (file hash)
[02Jan2026 21:14:28.667] [main/INFO] [org.betterx.worlds.together.util.Logger/]: [bclib] Added Config betterend.biomes to auto sync (file hash)
[02Jan2026 21:14:28.667] [main/INFO] [org.betterx.worlds.together.util.Logger/]: [bclib] Added Config betterend.recipes to auto sync (file hash)
[02Jan2026 21:14:28.667] [main/INFO] [org.betterx.worlds.together.util.Logger/]: [bclib] Added Config betterend.enchantments to auto sync (file hash)
[02Jan2026 21:14:29.125] [main/INFO] [Bookshelf/]: Fixing MC-151457. Crafting remainder for minecraft:pufferfish_bucket is now minecraft:bucket.
[02Jan2026 21:14:29.125] [main/INFO] [Bookshelf/]: Fixing MC-151457. Crafting remainder for minecraft:salmon_bucket is now minecraft:bucket.
[02Jan2026 21:14:29.125] [main/INFO] [Bookshelf/]: Fixing MC-151457. Crafting remainder for minecraft:cod_bucket is now minecraft:bucket.
[02Jan2026 21:14:29.125] [main/INFO] [Bookshelf/]: Fixing MC-151457. Crafting remainder for minecraft:tropical_fish_bucket is now minecraft:bucket.
[02Jan2026 21:14:29.125] [main/INFO] [Bookshelf/]: Fixing MC-151457. Crafting remainder for minecraft:axolotl_bucket is now minecraft:bucket.
[02Jan2026 21:14:29.125] [main/INFO] [Bookshelf/]: Fixing MC-151457. Crafting remainder for minecraft:powder_snow_bucket is now minecraft:bucket.
[02Jan2026 21:14:29.125] [main/INFO] [Bookshelf/]: Fixing MC-151457. Crafting remainder for minecraft:tadpole_bucket is now minecraft:bucket.
[02Jan2026 21:14:29.141] [main/INFO] [org.betterx.worlds.together.util.Logger/]: [bclib] Added Config bclib.generator to auto sync (file hash)
[02Jan2026 21:14:29.142] [main/INFO] [org.betterx.worlds.together.util.Logger/]: [bclib] Added Config bclib.main to auto sync (content diff)
[02Jan2026 21:14:29.143] [main/INFO] [org.betterx.worlds.together.util.Logger/]: [bclib] Added Config bclib.biomes to auto sync (file hash)
[02Jan2026 21:14:29.191] [main/WARN] [net.minecraftforge.registries.NamespacedWrapper/]: Registered object did not get ID it asked for. Name: ResourceKey[minecraft:mob_effect / spell_power:critical_damage] Expected: 730 Got: 38
[02Jan2026 21:14:29.191] [main/WARN] [net.minecraftforge.registries.NamespacedWrapper/]: Registered object did not get ID it asked for. Name: ResourceKey[minecraft:mob_effect / spell_power:critical_chance] Expected: 731 Got: 39
[02Jan2026 21:14:29.191] [main/WARN] [net.minecraftforge.registries.NamespacedWrapper/]: Registered object did not get ID it asked for. Name: ResourceKey[minecraft:mob_effect / spell_power:haste] Expected: 732 Got: 40
[02Jan2026 21:14:29.238] [main/INFO] [azurelib/FileWatching]: Registered azurelib config for auto-sync function
[02Jan2026 21:14:29.524] [modloading-worker-0/INFO] [scena-forge/]: Initialized scena-forge
[02Jan2026 21:14:29.856] [modloading-worker-0/INFO] [Puzzles Lib/]: Constructing common components for leavesbegone:main
[02Jan2026 21:14:29.927] [modloading-worker-0/INFO] [dev.su5ed.sinytra.connectorextras.terrablenderbridge.TerraBlenderBridge/]: Injecting TerraBlender API classes
[02Jan2026 21:14:30.028] [modloading-worker-0/WARN] [ModdingLegacy/Lucent/]: [lucent] LUCENT IS A CLIENT SIDE MOD. IT DOES NOT NEED TO BE INSTALLED ON THE SERVER.
[02Jan2026 21:14:30.358] [modloading-worker-0/INFO] [Puzzles Lib/]: Constructing common components for enchantinginfuser:main
[02Jan2026 21:14:30.456] [modloading-worker-0/INFO] [com.jtorleonstudios.libraryferret.LibraryFerret/]: Initialize mod Library Ferret
[02Jan2026 21:14:30.474] [modloading-worker-0/INFO] [com.jtorleonstudios.libraryferret.LibraryFerret/]: Initialized mod Library Ferret
[02Jan2026 21:14:30.477] [modloading-worker-0/WARN] [fallingleaves/]: Falling Leaves is a client only mod and should be removed from the mods list
[02Jan2026 21:14:30.564] [modloading-worker-0/INFO] [net.minecraftforge.common.ForgeMod/FORGEMOD]: Forge mod loading, version 47.3.0, for MC 1.20.1 with MCP 20230612.114412
[02Jan2026 21:14:30.564] [modloading-worker-0/INFO] [net.minecraftforge.common.MinecraftForge/FORGE]: MinecraftForge v47.3.0 Initialized
[02Jan2026 21:14:30.585] [modloading-worker-0/INFO] [necronomicon/]: Necronomicon Initialized
[02Jan2026 21:14:30.586] [modloading-worker-0/INFO] [necronomicon/]: File exists, reading config for elocindev.necronomicon.NecronomiconConfig.
[02Jan2026 21:14:30.586] [modloading-worker-0/INFO] [necronomicon/]: Config for elocindev.necronomicon.NecronomiconConfig read successfully.
[02Jan2026 21:14:30.590] [modloading-worker-0/INFO] [necronomicon/]: there is a brick about to fall through your roof at terminal velocity
[02Jan2026 21:14:30.710] [modloading-worker-0/INFO] [Puzzles Lib/]: Constructing common components for puzzleslib:main
[02Jan2026 21:14:31.203] [modloading-worker-0/INFO] [dev.architectury.networking.forge.NetworkManagerImpl/]: Registering C2S receiver with id architectury:sync_ids
[02Jan2026 21:14:31.217] [modloading-worker-0/INFO] [Animal Feeding Trough/]: [Animal Feeding Trough] Load Complete! Enjoy :D
[02Jan2026 21:14:31.223] [modloading-worker-0/INFO] [com.cupboard.Cupboard/]: Loaded config for: cupboard.json
[02Jan2026 21:14:31.248] [modloading-worker-0/INFO] [dev.architectury.networking.forge.NetworkManagerImpl/]: Registering C2S receiver with id polylib:container_packet_server
[02Jan2026 21:14:31.248] [modloading-worker-0/INFO] [dev.architectury.networking.forge.NetworkManagerImpl/]: Registering C2S receiver with id polylib:tile_data_server
[02Jan2026 21:14:31.249] [modloading-worker-0/INFO] [dev.architectury.networking.forge.NetworkManagerImpl/]: Registering C2S receiver with id polylib:tile_packet_server
[02Jan2026 21:14:31.391] [modloading-worker-0/INFO] [net.potionstudios.biomeswevegone.BiomesWeveGone/]: Registering Oh The Biomes We've Gone items
[02Jan2026 21:14:31.393] [modloading-worker-0/ERROR] [net.minecraftforge.eventbus.EventSubclassTransformer/EVENTBUS]: Could not find parent net/minecraft/client/renderer/entity/layers/RenderLayer for class com/obscuria/obscureapi/client/renderer/PatreonLayer in classloader cpw.mods.modlauncher.TransformingClassLoader@414d466e on thread Thread[modloading-worker-0,5,main]
[02Jan2026 21:14:31.394] [modloading-worker-0/ERROR] [net.minecraftforge.eventbus.EventSubclassTransformer/EVENTBUS]: An error occurred building event handler
java.lang.ClassNotFoundException: net.minecraft.client.renderer.entity.layers.RenderLayer
	at cpw.mods.cl.ModuleClassLoader.loadClass(ModuleClassLoader.java:141) ~[securejarhandler-2.1.10.jar:?]
	at java.lang.ClassLoader.loadClass(ClassLoader.java:525) ~[?:?]
	at net.minecraftforge.eventbus.EventSubclassTransformer.buildEvents(EventSubclassTransformer.java:97) ~[eventbus-6.0.5.jar%2352!/:?]
	at net.minecraftforge.eventbus.EventSubclassTransformer.transform(EventSubclassTransformer.java:48) ~[eventbus-6.0.5.jar%2352!/:?]
	at net.minecraftforge.eventbus.EventBusEngine.processClass(EventBusEngine.java:26) ~[eventbus-6.0.5.jar%2352!/:?]
	at net.minecraftforge.eventbus.service.ModLauncherService.processClassWithFlags(ModLauncherService.java:32) ~[eventbus-6.0.5.jar%2352!/:6.0.5+6.0.5+master.eb8e549b]
	at cpw.mods.modlauncher.LaunchPluginHandler.offerClassNodeToPlugins(LaunchPluginHandler.java:88) ~[modlauncher-10.0.9.jar%2355!/:?]
	at cpw.mods.modlauncher.ClassTransformer.transform(ClassTransformer.java:120) ~[modlauncher-10.0.9.jar%2355!/:?]
	at cpw.mods.modlauncher.TransformingClassLoader.maybeTransformClassBytes(TransformingClassLoader.java:50) ~[modlauncher-10.0.9.jar%2355!/:?]
	at cpw.mods.cl.ModuleClassLoader.readerToClass(ModuleClassLoader.java:113) ~[securejarhandler-2.1.10.jar:?]
	at cpw.mods.cl.ModuleClassLoader.lambda$findClass$15(ModuleClassLoader.java:219) ~[securejarhandler-2.1.10.jar:?]
	at cpw.mods.cl.ModuleClassLoader.loadFromModule(ModuleClassLoader.java:229) ~[securejarhandler-2.1.10.jar:?]
	at cpw.mods.cl.ModuleClassLoader.findClass(ModuleClassLoader.java:219) ~[securejarhandler-2.1.10.jar:?]
	at cpw.mods.cl.ModuleClassLoader.loadClass(ModuleClassLoader.java:135) ~[securejarhandler-2.1.10.jar:?]
	at java.lang.ClassLoader.loadClass(ClassLoader.java:525) ~[?:?]
	at java.lang.ClassLoader.defineClass0(Native Method) ~[?:?]
	at java.lang.System$2.defineClass(System.java:2324) ~[?:?]
	at java.lang.invoke.MethodHandles$Lookup$ClassDefiner.defineClass(MethodHandles.java:2439) ~[?:?]
	at java.lang.invoke.MethodHandles$Lookup$ClassDefiner.defineClassAsLookup(MethodHandles.java:2420) ~[?:?]
	at java.lang.invoke.MethodHandles$Lookup.defineHiddenClass(MethodHandles.java:2127) ~[?:?]
	at java.lang.invoke.InnerClassLambdaMetafactory.generateInnerClass(InnerClassLambdaMetafactory.java:407) ~[?:?]
	at java.lang.invoke.InnerClassLambdaMetafactory.spinInnerClass(InnerClassLambdaMetafactory.java:315) ~[?:?]
	at java.lang.invoke.InnerClassLambdaMetafactory.buildCallSite(InnerClassLambdaMetafactory.java:228) ~[?:?]
	at java.lang.invoke.LambdaMetafactory.metafactory(LambdaMetafactory.java:341) ~[?:?]
	at java.lang.invoke.BootstrapMethodInvoker.invoke(BootstrapMethodInvoker.java:134) ~[?:?]
	at java.lang.invoke.CallSite.makeSite(CallSite.java:315) ~[?:?]
	at java.lang.invoke.MethodHandleNatives.linkCallSiteImpl(MethodHandleNatives.java:281) ~[?:?]
	at java.lang.invoke.MethodHandleNatives.linkCallSite(MethodHandleNatives.java:271) ~[?:?]
	at com.obscuria.obscureapi.client.renderer.PatreonLayer$Mode.<clinit>(PatreonLayer.java:55) ~[obscure_api-15.jar%23348!/:com.obscuria]
	at com.obscuria.obscureapi.ObscureAPIConfig$Client.<clinit>(ObscureAPIConfig.java:28) ~[obscure_api-15.jar%23348!/:com.obscuria]
	at com.obscuria.obscureapi.ObscureAPIConfig.register(ObscureAPIConfig.java:46) ~[obscure_api-15.jar%23348!/:com.obscuria]
	at com.obscuria.obscureapi.ObscureAPI.<init>(ObscureAPI.java:69) ~[obscure_api-15.jar%23348!/:com.obscuria]
	at jdk.internal.reflect.NativeConstructorAccessorImpl.newInstance0(Native Method) ~[?:?]
	at jdk.internal.reflect.NativeConstructorAccessorImpl.newInstance(NativeConstructorAccessorImpl.java:77) ~[?:?]
	at jdk.internal.reflect.DelegatingConstructorAccessorImpl.newInstance(DelegatingConstructorAccessorImpl.java:45) ~[?:?]
	at java.lang.reflect.Constructor.newInstanceWithCaller(Constructor.java:500) ~[?:?]
	at java.lang.reflect.Constructor.newInstance(Constructor.java:481) ~[?:?]
	at net.minecraftforge.fml.javafmlmod.FMLModContainer.constructMod(FMLModContainer.java:70) ~[javafmllanguage-1.20.1-47.3.0.jar%23405!/:?]
	at net.minecraftforge.fml.ModContainer.lambda$buildTransitionHandler$4(ModContainer.java:124) ~[fmlcore-1.20.1-47.3.0.jar%23404!/:?]
	at java.util.concurrent.CompletableFuture$AsyncRun.run(CompletableFuture.java:1804) ~[?:?]
	at java.util.concurrent.CompletableFuture$AsyncRun.exec(CompletableFuture.java:1796) ~[?:?]
	at java.util.concurrent.ForkJoinTask.doExec(ForkJoinTask.java:373) ~[?:?]
	at java.util.concurrent.ForkJoinPool$WorkQueue.topLevelExec(ForkJoinPool.java:1182) ~[?:?]
	at java.util.concurrent.ForkJoinPool.scan(ForkJoinPool.java:1655) ~[?:?]
	at java.util.concurrent.ForkJoinPool.runWorker(ForkJoinPool.java:1622) ~[?:?]
	at java.util.concurrent.ForkJoinWorkerThread.run(ForkJoinWorkerThread.java:165) ~[?:?]
[02Jan2026 21:14:31.398] [modloading-worker-0/ERROR] [net.minecraftforge.fml.loading.RuntimeDistCleaner/DISTXFORM]: Attempted to load class com/obscuria/obscureapi/client/renderer/PatreonLayer for invalid dist DEDICATED_SERVER
[02Jan2026 21:14:31.482] [modloading-worker-0/INFO] [net.potionstudios.biomeswevegone.BiomesWeveGone/]: Registering Oh The Biomes We've Gone Blocks
[02Jan2026 21:14:31.596] [modloading-worker-0/INFO] [net.potionstudios.biomeswevegone.BiomesWeveGone/]: Registering Oh The Biomes We've Gone Wood
[02Jan2026 21:14:31.597] [modloading-worker-0/INFO] [net.potionstudios.biomeswevegone.BiomesWeveGone/]: Registering Oh The Biomes We've Gone Block Entities
[02Jan2026 21:14:31.597] [modloading-worker-0/INFO] [net.potionstudios.biomeswevegone.BiomesWeveGone/]: Registering Oh The Biomes We've Gone Entities
[02Jan2026 21:14:31.599] [modloading-worker-0/INFO] [net.potionstudios.biomeswevegone.BiomesWeveGone/]: Registering Oh The Biomes We've Gone Creative Tabs
[02Jan2026 21:14:31.601] [modloading-worker-0/INFO] [net.potionstudios.biomeswevegone.BiomesWeveGone/]: Registering Oh The Biomes We've Gone Sounds
[02Jan2026 21:14:31.602] [modloading-worker-0/INFO] [net.potionstudios.biomeswevegone.BiomesWeveGone/]: Registering Oh The Biomes We've Gone Block Predicate
[02Jan2026 21:14:31.608] [modloading-worker-0/INFO] [net.potionstudios.biomeswevegone.BiomesWeveGone/]: Registering Oh The Biomes We've Gone State Providers
[02Jan2026 21:14:31.614] [modloading-worker-0/INFO] [net.potionstudios.biomeswevegone.BiomesWeveGone/]: Registering Oh The Biomes We've Gone Tree Decorators
[02Jan2026 21:14:31.627] [modloading-worker-0/INFO] [net.potionstudios.biomeswevegone.BiomesWeveGone/]: Registering Oh The Biomes We've Gone Custom Features
[02Jan2026 21:14:31.629] [modloading-worker-0/INFO] [net.potionstudios.biomeswevegone.BiomesWeveGone/]: Registering Oh The Biomes We've Gone Structure Pieces
[02Jan2026 21:14:31.630] [modloading-worker-0/INFO] [net.potionstudios.biomeswevegone.BiomesWeveGone/]: Registering Oh The Biomes We've Gone Custom Structure Types
[02Jan2026 21:14:31.637] [modloading-worker-0/INFO] [net.potionstudios.biomeswevegone.BiomesWeveGone/]: Registering Oh The Biomes We've Gone Configured Features
[02Jan2026 21:14:31.658] [modloading-worker-0/INFO] [net.potionstudios.biomeswevegone.BiomesWeveGone/]: Creating and Registering Overworld Vegetation Configured Features
[02Jan2026 21:14:31.764] [modloading-worker-0/INFO] [net.potionstudios.biomeswevegone.BiomesWeveGone/]: Registering Oh The Biomes We've Gone Tree Configured Features
[02Jan2026 21:14:31.765] [modloading-worker-0/INFO] [net.potionstudios.biomeswevegone.BiomesWeveGone/]: Creating and Registering Vanilla Configured Features
[02Jan2026 21:14:31.777] [modloading-worker-0/INFO] [net.potionstudios.biomeswevegone.BiomesWeveGone/]: Registering Oh The Biomes You'll Go Overworld Configured Features
[02Jan2026 21:14:31.787] [modloading-worker-0/INFO] [net.potionstudios.biomeswevegone.BiomesWeveGone/]: Registering Oh The Biomes We've Gone Placed Features
[02Jan2026 21:14:31.795] [modloading-worker-0/INFO] [net.potionstudios.biomeswevegone.BiomesWeveGone/]: Creating and Registering Overworld Tree Placed Features
[02Jan2026 21:14:31.811] [modloading-worker-0/INFO] [net.potionstudios.biomeswevegone.BiomesWeveGone/]: Creating and Registering Overworld Vegetation Placed Features
[02Jan2026 21:14:31.812] [modloading-worker-0/INFO] [net.potionstudios.biomeswevegone.BiomesWeveGone/]: Creating and Registering Vanilla Placed Features
[02Jan2026 21:14:31.813] [modloading-worker-0/INFO] [net.potionstudios.biomeswevegone.BiomesWeveGone/]: Registering Oh The Biomes We've Gone Custom Surface Rules
[02Jan2026 21:14:31.830] [modloading-worker-0/INFO] [net.potionstudios.biomeswevegone.BiomesWeveGone/]: Registering Oh The Biomes We've Gone Template Pools
[02Jan2026 21:14:31.851] [modloading-worker-0/INFO] [net.potionstudios.biomeswevegone.BiomesWeveGone/]: Registering Oh The Biome's We've Gone Village Template Pools
[02Jan2026 21:14:31.855] [modloading-worker-0/INFO] [net.potionstudios.biomeswevegone.BiomesWeveGone/]: Registering Oh The Biomes We've Gone Poi Types
[02Jan2026 21:14:31.856] [modloading-worker-0/INFO] [net.potionstudios.biomeswevegone.BiomesWeveGone/]: Registering Oh The Biomes We've Gone Villager Professions
[02Jan2026 21:14:31.857] [modloading-worker-0/INFO] [net.potionstudios.biomeswevegone.BiomesWeveGone/]: Registering Oh The Biomes We've Gone Custom Structure Processors
[02Jan2026 21:14:32.463] [modloading-worker-0/INFO] [mod.chiselsandbits.forge.Forge/]: Initialized Chisels&Bits - Forge
[02Jan2026 21:14:32.533] [modloading-worker-0/INFO] [mod.chiselsandbits.registrars.ModBlockEntityTypes/]: Loaded block entity configuration.
[02Jan2026 21:14:32.540] [modloading-worker-0/INFO] [mod.chiselsandbits.registrars.ModBlocks/]: Loaded block configuration.
[02Jan2026 21:14:32.544] [modloading-worker-0/INFO] [mod.chiselsandbits.registrars.ModChiselModeGroups/]: Loaded chisel mode group configuration.
[02Jan2026 21:14:33.325] [modloading-worker-0/INFO] [mod.chiselsandbits.registrars.ModChiselModes/]: Loaded chisel mode configuration.
[02Jan2026 21:14:33.326] [modloading-worker-0/INFO] [mod.chiselsandbits.registrars.ModContainerTypes/]: Loaded container type configuration.
[02Jan2026 21:14:33.329] [modloading-worker-0/INFO] [mod.chiselsandbits.registrars.ModCreativeTabs/]: Loaded item group configuration.
[02Jan2026 21:14:33.354] [modloading-worker-0/INFO] [mod.chiselsandbits.registrars.ModItems/]: Loaded item configuration.
[02Jan2026 21:14:33.360] [modloading-worker-0/INFO] [mod.chiselsandbits.registrars.ModMetadataKeys/]: Loaded metadata key configuration.
[02Jan2026 21:14:33.366] [modloading-worker-0/INFO] [mod.chiselsandbits.registrars.ModModelProperties/]: Loaded model property configuration.
[02Jan2026 21:14:33.369] [modloading-worker-0/INFO] [mod.chiselsandbits.registrars.ModModificationOperation/]: Loaded modification operation configuration.
[02Jan2026 21:14:33.370] [modloading-worker-0/INFO] [mod.chiselsandbits.registrars.ModModificationOperationGroups/]: Loaded modification operation group configuration.
[02Jan2026 21:14:33.378] [modloading-worker-0/INFO] [mod.chiselsandbits.registrars.ModPatternPlacementTypes/]: Loaded pattern placement type configuration.
[02Jan2026 21:14:33.379] [modloading-worker-0/INFO] [mod.chiselsandbits.registrars.ModRecipeSerializers/]: Loaded recipe serializer configuration.
[02Jan2026 21:14:33.381] [modloading-worker-0/INFO] [mod.chiselsandbits.registrars.ModTags/]: Loaded tag configuration.
[02Jan2026 21:14:33.382] [modloading-worker-0/INFO] [mod.chiselsandbits.registrars.ModRecipeTypes/]: Registering recipe types.
[02Jan2026 21:14:33.382] [modloading-worker-0/INFO] [mod.chiselsandbits.registrars.ModEventHandler/]: Registering event handlers
[02Jan2026 21:14:33.414] [modloading-worker-0/INFO] [mod.chiselsandbits.forge.platform.ForgePluginDiscoverer/]: Found and loaded ChiselsAndBits plugin: create
[02Jan2026 21:14:33.678] [main/INFO] [net.minecraft.resources.RegistryDataLoader/]: Capturing existing worldgen registries
[02Jan2026 21:14:33.679] [main/INFO] [net.minecraft.resources.RegistryDataLoader/]: Found 2 injected RegistryDataLoader worldgen registries
[02Jan2026 21:14:35.820] [main/INFO] [Moonlight/]: Initialized block sets in 23ms
[02Jan2026 21:14:37.491] [main/INFO] [ModernFix/]: Bypassed Mojang DFU
[02Jan2026 21:14:37.492] [main/INFO] [ModernFix/]: Instantiating Mojang DFU
[02Jan2026 21:14:38.799] [main/WARN] [net.minecraft.network.syncher.SynchedEntityData/]: defineId called for: class com.github.alexmodguy.alexscaves.server.entity.living.TremorzillaEntity from class com.github.alexmodguy.alexscaves.server.entity.living.LicowitchEntity
[02Jan2026 21:14:39.052] [main/INFO] [com.tom.storagemod.StorageMod/]: Loaded Tom's Simple Storage config file toms_storage-common.toml
[02Jan2026 21:14:39.126] [main/WARN] [net.minecraftforge.common.ForgeConfigSpec/CORE]: Configuration file /workspaces/Minecraft-server-1.20.1-VERSION-1.0/servidor_minecraft/config/mins-enchantments.toml is not correct. Correcting
[02Jan2026 21:14:39.127] [main/WARN] [net.minecraftforge.common.ForgeConfigSpec/CORE]: Incorrect key Blessment Settings.barrierPushPowerPerLevel was corrected from 0.01 to its default, 0.01. 
[02Jan2026 21:14:39.127] [main/WARN] [net.minecraftforge.common.ForgeConfigSpec/CORE]: Incorrect key Blessment Settings.barrierRadiusPerLevel was corrected from 2.0 to its default, 2.0. 
[02Jan2026 21:14:39.127] [main/WARN] [net.minecraftforge.common.ForgeConfigSpec/CORE]: Incorrect key Blessment Settings.hardeningArmorPerLevel was corrected from 0.05 to its default, 0.05. 
[02Jan2026 21:14:39.127] [main/WARN] [net.minecraftforge.common.ForgeConfigSpec/CORE]: Incorrect key Blessment Settings.hardeningMaxArmorPerLevel was corrected from 2.0 to its default, 2.0. 
[02Jan2026 21:14:39.127] [main/WARN] [net.minecraftforge.common.ForgeConfigSpec/CORE]: Incorrect key Blessment Settings.rageDamagePerLevel was corrected from 0.05 to its default, 0.05. 
[02Jan2026 21:14:39.127] [main/WARN] [net.minecraftforge.common.ForgeConfigSpec/CORE]: Incorrect key Blessment Settings.rageMaxDamagePerLevel was corrected from 2.0 to its default, 2.0. 
[02Jan2026 21:14:39.128] [main/WARN] [net.minecraftforge.common.ForgeConfigSpec/CORE]: Incorrect key Blessment Settings.rageSpeedPerLevel was corrected from 0.05 to its default, 0.05. 
[02Jan2026 21:14:39.128] [main/WARN] [net.minecraftforge.common.ForgeConfigSpec/CORE]: Incorrect key Blessment Settings.rageMaxSpeedPerLevel was corrected from 2.0 to its default, 2.0. 
[02Jan2026 21:14:39.128] [main/WARN] [net.minecraftforge.common.ForgeConfigSpec/CORE]: Incorrect key Blessment Settings.homingMaxHomingTimePerLevel was corrected from 3.0 to its default, 3.0. 
[02Jan2026 21:14:39.128] [main/WARN] [net.minecraftforge.common.ForgeConfigSpec/CORE]: Incorrect key Blessment Settings.mirrorReflectChancePerLevel was corrected from 20.0 to its default, 20.0. 
[02Jan2026 21:14:39.128] [main/WARN] [net.minecraftforge.common.ForgeConfigSpec/CORE]: Incorrect key Blessment Settings.maliceDamagePerLevel was corrected from 2.0 to its default, 2.0. 
[02Jan2026 21:14:39.128] [main/WARN] [net.minecraftforge.common.ForgeConfigSpec/CORE]: Incorrect key Blessment Settings.malicePercentagePerLevel was corrected from 0.4 to its default, 0.4. 
[02Jan2026 21:14:39.128] [main/WARN] [net.minecraftforge.common.ForgeConfigSpec/CORE]: Incorrect key Blessment Settings.autoShieldingChancePerLevel was corrected from 5.0 to its default, 5.0. 
[02Jan2026 21:14:39.128] [main/WARN] [net.minecraftforge.common.ForgeConfigSpec/CORE]: Incorrect key Blessment Settings.grindingMaxDamagePerLevel was corrected from 3.0 to its default, 3.0. 
[02Jan2026 21:14:39.129] [main/WARN] [net.minecraftforge.common.ForgeConfigSpec/CORE]: Incorrect key Blessment Settings.grindingMaxSpeedPerLevel was corrected from 3.0 to its default, 3.0. 
[02Jan2026 21:14:39.129] [main/WARN] [net.minecraftforge.common.ForgeConfigSpec/CORE]: Incorrect key Blessment Settings.grindingDamagePerLevel was corrected from 2.0 to its default, 2.0. 
[02Jan2026 21:14:39.129] [main/WARN] [net.minecraftforge.common.ForgeConfigSpec/CORE]: Incorrect key Blessment Settings.grindingSpeedPerLevel was corrected from 2.0 to its default, 2.0. 
[02Jan2026 21:14:39.129] [main/WARN] [net.minecraftforge.common.ForgeConfigSpec/CORE]: Incorrect key Blessment Settings.criticalStrikeChancePerLevel was corrected from 10.0 to its default, 10.0. 
[02Jan2026 21:14:39.129] [main/WARN] [net.minecraftforge.common.ForgeConfigSpec/CORE]: Incorrect key Blessment Settings.heartStealHealAmountPerLevel was corrected from 0.5 to its default, 0.5. 
[02Jan2026 21:14:39.129] [main/WARN] [net.minecraftforge.common.ForgeConfigSpec/CORE]: Incorrect key Blessment Settings.heartStealChancePerLevel was corrected from 5.0 to its default, 5.0. 
[02Jan2026 21:14:39.129] [main/WARN] [net.minecraftforge.common.ForgeConfigSpec/CORE]: Incorrect key Blessment Settings.healingCutterChancePerLevel was corrected from 10.0 to its default, 10.0. 
[02Jan2026 21:14:39.129] [main/WARN] [net.minecraftforge.common.ForgeConfigSpec/CORE]: Incorrect key Blessment Settings.healingCutterAmountPerLevel was corrected from 2.0 to its default, 2.0. 
[02Jan2026 21:14:39.129] [main/WARN] [net.minecraftforge.common.ForgeConfigSpec/CORE]: Incorrect key Blessment Settings.multiStrikeChancePerLevel was corrected from 2.0 to its default, 2.0. 
[02Jan2026 21:14:39.130] [main/WARN] [net.minecraftforge.common.ForgeConfigSpec/CORE]: Incorrect key Blessment Settings.solariaIntervalPerLevel was corrected from 1.0 to its default, 1.0. 
[02Jan2026 21:14:39.130] [main/WARN] [net.minecraftforge.common.ForgeConfigSpec/CORE]: Incorrect key Blessment Settings.timeBreakChancePerLevel was corrected from 1.0 to its default, 1.0. 
[02Jan2026 21:14:39.130] [main/WARN] [net.minecraftforge.common.ForgeConfigSpec/CORE]: Incorrect key Enchantment Settings.mermaidsBlessingMaxMobHealthPerLevel was corrected from 10.0 to its default, 10.0. 
[02Jan2026 21:14:39.130] [main/WARN] [net.minecraftforge.common.ForgeConfigSpec/CORE]: Incorrect key Enchantment Settings.sharpWavesMaxDamagePerLevel was corrected from 5.0 to its default, 5.0. 
[02Jan2026 21:14:39.130] [main/WARN] [net.minecraftforge.common.ForgeConfigSpec/CORE]: Incorrect key Enchantment Settings.sharpWavesDistancePerLevel was corrected from 100.0 to its default, 100.0. 
[02Jan2026 21:14:39.130] [main/WARN] [net.minecraftforge.common.ForgeConfigSpec/CORE]: Incorrect key Enchantment Settings.sharpWavesDamagePerDistanceAndLevel was corrected from 0.5 to its default, 0.5. 
[02Jan2026 21:14:39.130] [main/WARN] [net.minecraftforge.common.ForgeConfigSpec/CORE]: Incorrect key Enchantment Settings.tideMaxSpeedPerLevel was corrected from 0.01 to its default, 0.01. 
[02Jan2026 21:14:39.130] [main/WARN] [net.minecraftforge.common.ForgeConfigSpec/CORE]: Incorrect key Enchantment Settings.tideSpeedPerLevel was corrected from 0.002 to its default, 0.002. 
[02Jan2026 21:14:39.131] [main/WARN] [net.minecraftforge.common.ForgeConfigSpec/CORE]: Incorrect key Enchantment Settings.poseidonsGraceTridentSpeed was corrected from 1.3 to its default, 1.3. 
[02Jan2026 21:14:39.131] [main/WARN] [net.minecraftforge.common.ForgeConfigSpec/CORE]: Incorrect key Enchantment Settings.wavesProtectionSpeedPerLevel was corrected from 0.1 to its default, 0.1. 
[02Jan2026 21:14:39.131] [main/WARN] [net.minecraftforge.common.ForgeConfigSpec/CORE]: Incorrect key Enchantment Settings.lordoftheseaRadiusPerLevel was corrected from 2.0 to its default, 2.0. 
[02Jan2026 21:14:39.131] [main/WARN] [net.minecraftforge.common.ForgeConfigSpec/CORE]: Incorrect key Enchantment Settings.lordoftheseaAnimalsDamagePerLevel was corrected from 1.0 to its default, 1.0. 
[02Jan2026 21:14:39.131] [main/WARN] [net.minecraftforge.common.ForgeConfigSpec/CORE]: Incorrect key Enchantment Settings.sailingSpeedPerLevel was corrected from 0.1 to its default, 0.1. 
[02Jan2026 21:14:39.131] [main/WARN] [net.minecraftforge.common.ForgeConfigSpec/CORE]: Incorrect key Enchantment Settings.aquaticAuraRadiusPerLevel was corrected from 3.0 to its default, 3.0. 
[02Jan2026 21:14:39.131] [main/WARN] [net.minecraftforge.common.ForgeConfigSpec/CORE]: Incorrect key Enchantment Settings.mermaidsCurseRadiusPerLevel was corrected from 7.0 to its default, 7.0. 
[02Jan2026 21:14:39.131] [main/WARN] [net.minecraftforge.common.ForgeConfigSpec/CORE]: Incorrect key Enchantment Settings.floatingCurseFloatingSpeedPerLevel was corrected from 0.05 to its default, 0.05. 
[02Jan2026 21:14:39.131] [main/WARN] [net.minecraftforge.common.ForgeConfigSpec/CORE]: Incorrect key Enchantment Settings.abyssCurseFogDensityPerLevel was corrected from 5.0 to its default, 5.0. 
[02Jan2026 21:14:39.132] [main/WARN] [net.minecraftforge.common.ForgeConfigSpec/CORE]: Incorrect key Enchantment Settings.rustyDecreaseIntervalPerLevel was corrected from 5.0 to its default, 5.0. 
[02Jan2026 21:14:39.132] [main/WARN] [net.minecraftforge.common.ForgeConfigSpec/CORE]: Incorrect key Enchantment Settings.overgravityFallDamagePerLevel was corrected from 1.0 to its default, 1.0. 
[02Jan2026 21:14:39.132] [main/WARN] [net.minecraftforge.common.ForgeConfigSpec/CORE]: Incorrect key Enchantment Settings.overgravityFallSpeedPerLevel was corrected from 0.05 to its default, 0.05. 
[02Jan2026 21:14:39.132] [main/WARN] [net.minecraftforge.common.ForgeConfigSpec/CORE]: Incorrect key Enchantment Settings.endermanCurseDamagePerLevel was corrected from 0.2 to its default, 0.2. 
[02Jan2026 21:14:39.132] [main/WARN] [net.minecraftforge.common.ForgeConfigSpec/CORE]: Incorrect key Enchantment Settings.sinkingCurseSpeedPerLevel was corrected from 0.05 to its default, 0.05. 
[02Jan2026 21:14:39.132] [main/WARN] [net.minecraftforge.common.ForgeConfigSpec/CORE]: Incorrect key Enchantment Settings.flameThornDamagePerLevel was corrected from 1.5 to its default, 1.5. 
[02Jan2026 21:14:39.132] [main/WARN] [net.minecraftforge.common.ForgeConfigSpec/CORE]: Incorrect key Enchantment Settings.sonicBoomDamagePerLevel was corrected from 1.0 to its default, 1.0. 
[02Jan2026 21:14:39.132] [main/WARN] [net.minecraftforge.common.ForgeConfigSpec/CORE]: Incorrect key Enchantment Settings.sonicBoomDistancePerLevel was corrected from 2.0 to its default, 2.0. 
[02Jan2026 21:14:39.132] [main/WARN] [net.minecraftforge.common.ForgeConfigSpec/CORE]: Incorrect key Enchantment Settings.magnetRadiusPerLevel was corrected from 3.0 to its default, 3.0. 
[02Jan2026 21:14:39.133] [main/WARN] [net.minecraftforge.common.ForgeConfigSpec/CORE]: Incorrect key Enchantment Settings.cellDivisionScalePerSplit was corrected from 0.3 to its default, 0.3. 
[02Jan2026 21:14:39.133] [main/WARN] [net.minecraftforge.common.ForgeConfigSpec/CORE]: Incorrect key Enchantment Settings.armorCrackDamagePerLevel was corrected from 10.0 to its default, 10.0. 
[02Jan2026 21:14:39.288] [modloading-worker-0/INFO] [xaero.pac.OpenPartiesAndClaims/]: Loading Open Parties and Claims!
[02Jan2026 21:14:39.303] [modloading-worker-0/INFO] [com.tom.storagemod.StorageMod/]: Tom's Storage Setup starting
[02Jan2026 21:14:39.307] [modloading-worker-0/INFO] [com.tom.storagemod.StorageMod/]: Initilaized Network Handler
[02Jan2026 21:14:39.333] [modloading-worker-0/INFO] [CorgiLib/]: Initializing network...
[02Jan2026 21:14:39.337] [modloading-worker-0/INFO] [CorgiLib/]: Initialized network!
[02Jan2026 21:14:39.405] [modloading-worker-0/INFO] [com.gpumemleakfix.Gpumemleakfix/]: gpumemleakfix mod initialized
[02Jan2026 21:14:39.532] [modloading-worker-0/INFO] [CPM/]: Customizable Player Models Initialized
[02Jan2026 21:14:39.568] [modloading-worker-0/INFO] [com.armordamagescale.ArmorDamage/]: armordamagescale mod initialized
[02Jan2026 21:14:39.654] [Forge Version Check/INFO] [net.minecraftforge.fml.VersionChecker/]: [ctov] Starting version check at https://api.modrinth.com/updates/fgmhI8kH/forge_updates.json
[02Jan2026 21:14:39.891] [main/INFO] [com.eeeab.eeeabsmobs.EEEABMobs/]: Starting to register Curios item...
[02Jan2026 21:14:39.969] [Forge Version Check/INFO] [net.minecraftforge.fml.VersionChecker/]: [ctov] Found status: UP_TO_DATE Current: 3.4.14 Target: null
[02Jan2026 21:14:39.969] [Forge Version Check/INFO] [net.minecraftforge.fml.VersionChecker/]: [leavesbegone] Starting version check at https://raw.githubusercontent.com/Fuzss/modresources/main/update/leavesbegone.json
[02Jan2026 21:14:39.977] [main/INFO] [terrablender/]: Registered region minecraft:overworld to index 0 for type OVERWORLD
[02Jan2026 21:14:39.977] [main/INFO] [terrablender/]: Registered region minecraft:nether to index 0 for type NETHER
[02Jan2026 21:14:39.977] [main/INFO] [terrablender/]: Registered region biomeswevegone:region_0 to index 1 for type OVERWORLD
[02Jan2026 21:14:39.977] [main/INFO] [terrablender/]: Registered region biomeswevegone:region_1 to index 2 for type OVERWORLD
[02Jan2026 21:14:39.977] [main/INFO] [terrablender/]: Registered region biomeswevegone:region_2 to index 3 for type OVERWORLD
[02Jan2026 21:14:39.980] [Thread-1/INFO] [ModernFix/]: Please use /mfsrc to reload any changed mod config files
[02Jan2026 21:14:40.013] [Forge Version Check/INFO] [net.minecraftforge.fml.VersionChecker/]: [leavesbegone] Found status: UP_TO_DATE Current: 8.0.0 Target: null
[02Jan2026 21:14:40.014] [Forge Version Check/INFO] [net.minecraftforge.fml.VersionChecker/]: [lucent] Starting version check at http://changelogs.moddinglegacy.com/lucent.json
[02Jan2026 21:14:40.116] [main/INFO] [Moonlight/]: Initialized color sets in 50ms
[02Jan2026 21:14:40.212] [Forge Version Check/INFO] [net.minecraftforge.fml.VersionChecker/]: [lucent] Found status: BETA Current: 1.5.5 Target: null
[02Jan2026 21:14:40.212] [Forge Version Check/INFO] [net.minecraftforge.fml.VersionChecker/]: [searchables] Starting version check at https://updates.blamejared.com/get?n=searchables&gv=1.20.1
[02Jan2026 21:14:40.229] [modloading-worker-0/INFO] [xaero.minimap.XaeroMinimap/]: Loading Xaero's Minimap - Stage 1/2 (Server)
[02Jan2026 21:14:40.230] [modloading-worker-0/INFO] [xaero.map.server.WorldMapServer/]: Loading Xaero's World Map - Stage 1/2 (Server)
[02Jan2026 21:14:40.256] [main/INFO] [xaero.map.server.WorldMapServer/]: Loading Xaero's World Map - Stage 2/2 (Server)
[02Jan2026 21:14:40.257] [main/INFO] [xaero.minimap.XaeroMinimap/]: Loading Xaero's Minimap - Stage 2/2 (Server)
[02Jan2026 21:14:40.438] [modloading-worker-0/INFO] [CPM/]: Customizable Player Models API initialized: Loaded plugins: (0)

[02Jan2026 21:14:40.520] [Forge Version Check/INFO] [net.minecraftforge.fml.VersionChecker/]: [searchables] Found status: BETA Current: 1.0.3 Target: 1.0.3
[02Jan2026 21:14:40.520] [Forge Version Check/INFO] [net.minecraftforge.fml.VersionChecker/]: [mr_dungeons_andtaverns] Starting version check at https://api.modrinth.com/updates/tpehi7ww/forge_updates.json
[02Jan2026 21:14:40.538] [modloading-worker-0/INFO] [com.eeeab.eeeabsmobs.EEEABMobs/]: Registering custom criteria trigger...
[02Jan2026 21:14:40.588] [modloading-worker-0/INFO] [Jade/]: Start loading plugin at ovh.corail.tombstone.compatibility.IntegrationJade
[02Jan2026 21:14:40.591] [modloading-worker-0/INFO] [Jade/]: Start loading plugin at twilightforest.compat.jade.JadeCompat
[02Jan2026 21:14:40.592] [modloading-worker-0/INFO] [Jade/]: Start loading plugin at snownee.jade.addon.vanilla.VanillaPlugin
[02Jan2026 21:14:40.601] [modloading-worker-0/INFO] [de.mennomax.astikorcarts.AstikorCarts/]: Automatic pull animal configuration:
pull_animals = [
    "minecraft:camel",
    "minecraft:donkey",
    "minecraft:horse",
    "minecraft:mule",
    "minecraft:skeleton_horse",
    "minecraft:zombie_horse",
    "minecraft:player",
    "alexscaves:candicorn"
  ]
[02Jan2026 21:14:40.603] [modloading-worker-0/INFO] [Jade/]: Start loading plugin at snownee.jade.addon.universal.UniversalPlugin
[02Jan2026 21:14:40.606] [modloading-worker-0/INFO] [Jade/]: Start loading plugin at snownee.jade.addon.core.CorePlugin
[02Jan2026 21:14:40.666] [Forge Version Check/INFO] [net.minecraftforge.fml.VersionChecker/]: [mr_dungeons_andtaverns] Found status: OUTDATED Current: 3.0.3.f Target: 3.0.3.f+mod
[02Jan2026 21:14:40.666] [Forge Version Check/INFO] [net.minecraftforge.fml.VersionChecker/]: [tombstone] Starting version check at https://raw.githubusercontent.com/Corail31/tombstone_lite/master/update.json
[02Jan2026 21:14:40.675] [Forge Version Check/INFO] [net.minecraftforge.fml.VersionChecker/]: [tombstone] Found status: UP_TO_DATE Current: 9.0.9 Target: null
[02Jan2026 21:14:40.676] [Forge Version Check/INFO] [net.minecraftforge.fml.VersionChecker/]: [mr_limesplatus_ending] Starting version check at https://api.modrinth.com/updates/MCnBYP0b/forge_updates.json
[02Jan2026 21:14:40.782] [Forge Version Check/INFO] [net.minecraftforge.fml.VersionChecker/]: [mr_limesplatus_ending] Found status: OUTDATED Current: 1-v1.1.0c Target: 1.1.0c+mod
[02Jan2026 21:14:40.782] [Forge Version Check/INFO] [net.minecraftforge.fml.VersionChecker/]: [toms_storage] Starting version check at https://raw.githubusercontent.com/tom5454/Toms-Storage/master/version-check.json
[02Jan2026 21:14:40.792] [Forge Version Check/INFO] [net.minecraftforge.fml.VersionChecker/]: [toms_storage] Found status: BETA_OUTDATED Current: 1.6.9 Target: 1.7.1
[02Jan2026 21:14:40.792] [Forge Version Check/INFO] [net.minecraftforge.fml.VersionChecker/]: [enchantinginfuser] Starting version check at https://raw.githubusercontent.com/Fuzss/modresources/main/update/enchantinginfuser.json
[02Jan2026 21:14:40.802] [Forge Version Check/INFO] [net.minecraftforge.fml.VersionChecker/]: [enchantinginfuser] Found status: UP_TO_DATE Current: 8.0.3 Target: null
[02Jan2026 21:14:40.802] [Forge Version Check/INFO] [net.minecraftforge.fml.VersionChecker/]: [puzzlesaccessapi] Starting version check at https://raw.githubusercontent.com/Fuzss/modresources/main/update/puzzlesaccessapi.json
[02Jan2026 21:14:40.812] [Forge Version Check/INFO] [net.minecraftforge.fml.VersionChecker/]: [puzzlesaccessapi] Found status: BETA Current: 8.0.7 Target: null
[02Jan2026 21:14:40.812] [Forge Version Check/INFO] [net.minecraftforge.fml.VersionChecker/]: [forge] Starting version check at https://files.minecraftforge.net/net/minecraftforge/forge/promotions_slim.json
[02Jan2026 21:14:40.889] [Forge Version Check/INFO] [net.minecraftforge.fml.VersionChecker/]: [forge] Found status: OUTDATED Current: 47.3.0 Target: 47.4.10
[02Jan2026 21:14:40.890] [Forge Version Check/INFO] [net.minecraftforge.fml.VersionChecker/]: [trade_cycling] Starting version check at https://update.maxhenkel.de/forge/trade_cycling
[02Jan2026 21:14:41.360] [main/INFO] [com.mojang.authlib.yggdrasil.YggdrasilAuthenticationService/]: Environment: authHost='https://authserver.mojang.com', accountsHost='https://api.mojang.com', sessionHost='https://sessionserver.mojang.com', servicesHost='https://api.minecraftservices.com', name='PROD'
[02Jan2026 21:14:41.402] [Forge Version Check/INFO] [net.minecraftforge.fml.VersionChecker/]: [trade_cycling] Found status: OUTDATED Current: 1.20.1-1.0.15 Target: 1.20.1-1.0.18
[02Jan2026 21:14:41.403] [Forge Version Check/INFO] [net.minecraftforge.fml.VersionChecker/]: [flywheel] Starting version check at https://api.modrinth.com/updates/flywheel/forge_updates.json
[02Jan2026 21:14:41.453] [Forge Version Check/INFO] [net.minecraftforge.fml.VersionChecker/]: [flywheel] Found status: BETA Current: 0.6.10-7 Target: null
[02Jan2026 21:14:41.454] [Forge Version Check/INFO] [net.minecraftforge.fml.VersionChecker/]: [puzzleslib] Starting version check at https://raw.githubusercontent.com/Fuzss/modresources/main/update/puzzleslib.json
[02Jan2026 21:14:41.465] [Forge Version Check/INFO] [net.minecraftforge.fml.VersionChecker/]: [puzzleslib] Found status: OUTDATED Current: 8.1.25 Target: 8.1.33
[02Jan2026 21:14:41.465] [Forge Version Check/INFO] [net.minecraftforge.fml.VersionChecker/]: [aquamirae] Starting version check at https://raw.githubusercontent.com/ObscuriaLithium/Home/main/aquamirae/versions.json
[02Jan2026 21:14:41.482] [Forge Version Check/WARN] [net.minecraftforge.fml.VersionChecker/]: Failed to process update information
com.google.gson.JsonSyntaxException: java.lang.IllegalStateException: Expected BEGIN_OBJECT but was NUMBER at line 1 column 4 path $
	at com.google.gson.Gson.fromJson(Gson.java:1226) ~[gson-2.10.jar%2372!/:?]
	at com.google.gson.Gson.fromJson(Gson.java:1124) ~[gson-2.10.jar%2372!/:?]
	at com.google.gson.Gson.fromJson(Gson.java:1034) ~[gson-2.10.jar%2372!/:?]
	at com.google.gson.Gson.fromJson(Gson.java:969) ~[gson-2.10.jar%2372!/:?]
	at net.minecraftforge.fml.VersionChecker$1.process(VersionChecker.java:183) ~[fmlcore-1.20.1-47.3.0.jar%23404!/:?]
	at java.lang.Iterable.forEach(Iterable.java:75) ~[?:?]
	at net.minecraftforge.fml.VersionChecker$1.run(VersionChecker.java:114) ~[fmlcore-1.20.1-47.3.0.jar%23404!/:?]
Caused by: java.lang.IllegalStateException: Expected BEGIN_OBJECT but was NUMBER at line 1 column 4 path $
	at com.google.gson.stream.JsonReader.beginObject(JsonReader.java:393) ~[gson-2.10.jar%2372!/:?]
	at com.google.gson.internal.bind.MapTypeAdapterFactory$Adapter.read(MapTypeAdapterFactory.java:182) ~[gson-2.10.jar%2372!/:?]
	at com.google.gson.internal.bind.MapTypeAdapterFactory$Adapter.read(MapTypeAdapterFactory.java:144) ~[gson-2.10.jar%2372!/:?]
	at com.google.gson.Gson.fromJson(Gson.java:1214) ~[gson-2.10.jar%2372!/:?]
	... 6 more
[02Jan2026 21:14:41.485] [Forge Version Check/INFO] [net.minecraftforge.fml.VersionChecker/]: [prism] Starting version check at https://mc-update-check.anthonyhilyard.com/638111
[02Jan2026 21:14:41.691] [Forge Version Check/INFO] [net.minecraftforge.fml.VersionChecker/]: [prism] Found status: UP_TO_DATE Current: 1.0.5 Target: null
[02Jan2026 21:14:41.691] [Forge Version Check/INFO] [net.minecraftforge.fml.VersionChecker/]: [twilightforest] Starting version check at https://gh.tamaized.com/TeamTwilight/twilightforest/update.json
[02Jan2026 21:14:41.799] [Forge Version Check/INFO] [net.minecraftforge.fml.VersionChecker/]: [twilightforest] Found status: AHEAD Current: 4.3.2508 Target: null
[02Jan2026 21:14:41.799] [Forge Version Check/INFO] [net.minecraftforge.fml.VersionChecker/]: [obscure_api] Starting version check at https://raw.githubusercontent.com/ObscuriaLithium/Home/main/obscure_api/versions.json
[02Jan2026 21:14:41.811] [Forge Version Check/WARN] [net.minecraftforge.fml.VersionChecker/]: Failed to process update information
com.google.gson.JsonSyntaxException: java.lang.IllegalStateException: Expected BEGIN_OBJECT but was NUMBER at line 1 column 4 path $
	at com.google.gson.Gson.fromJson(Gson.java:1226) ~[gson-2.10.jar%2372!/:?]
	at com.google.gson.Gson.fromJson(Gson.java:1124) ~[gson-2.10.jar%2372!/:?]
	at com.google.gson.Gson.fromJson(Gson.java:1034) ~[gson-2.10.jar%2372!/:?]
	at com.google.gson.Gson.fromJson(Gson.java:969) ~[gson-2.10.jar%2372!/:?]
	at net.minecraftforge.fml.VersionChecker$1.process(VersionChecker.java:183) ~[fmlcore-1.20.1-47.3.0.jar%23404!/:?]
	at java.lang.Iterable.forEach(Iterable.java:75) ~[?:?]
	at net.minecraftforge.fml.VersionChecker$1.run(VersionChecker.java:114) ~[fmlcore-1.20.1-47.3.0.jar%23404!/:?]
Caused by: java.lang.IllegalStateException: Expected BEGIN_OBJECT but was NUMBER at line 1 column 4 path $
	at com.google.gson.stream.JsonReader.beginObject(JsonReader.java:393) ~[gson-2.10.jar%2372!/:?]
	at com.google.gson.internal.bind.MapTypeAdapterFactory$Adapter.read(MapTypeAdapterFactory.java:182) ~[gson-2.10.jar%2372!/:?]
	at com.google.gson.internal.bind.MapTypeAdapterFactory$Adapter.read(MapTypeAdapterFactory.java:144) ~[gson-2.10.jar%2372!/:?]
	at com.google.gson.Gson.fromJson(Gson.java:1214) ~[gson-2.10.jar%2372!/:?]
	... 6 more
[02Jan2026 21:14:41.812] [Forge Version Check/INFO] [net.minecraftforge.fml.VersionChecker/]: [cpm] Starting version check at https://raw.githubusercontent.com/tom5454/CustomPlayerModels/master/version-check.json
[02Jan2026 21:14:41.856] [Forge Version Check/INFO] [net.minecraftforge.fml.VersionChecker/]: [cpm] Found status: BETA_OUTDATED Current: 0.6.19b Target: 0.6.25a
[02Jan2026 21:14:41.856] [Forge Version Check/INFO] [net.minecraftforge.fml.VersionChecker/]: [scuba_gear] Starting version check at http://changelogs.moddinglegacy.com/scuba-gear.json
[02Jan2026 21:14:41.885] [main/INFO] [org.betterx.worlds.together.util.Logger/]: [DataFixerAPI] Applying Patch{betternether:5.3.5:21020677}
[02Jan2026 21:14:41.886] [main/INFO] [org.betterx.worlds.together.util.Logger/]: [DataFixerAPI] Applying Patch{betternether:8.2.2:33587202}
[02Jan2026 21:14:41.886] [main/INFO] [org.betterx.worlds.together.util.Logger/]: [DataFixerAPI] Applying Patch{betternether:9.0.1:37748737}
[02Jan2026 21:14:41.886] [main/INFO] [org.betterx.worlds.together.util.Logger/]: [DataFixerAPI] Applying Patch{bclib:3.0.11:12582923}
[02Jan2026 21:14:41.886] [main/INFO] [org.betterx.worlds.together.util.Logger/]: [bclib] Running Pre Patchers on ./world/.
[02Jan2026 21:14:41.900] [main/WARN] [org.betterx.worlds.together.util.Logger/]: [bclib] Applying Fixes on Level
[02Jan2026 21:14:41.901] [main/INFO] [org.betterx.worlds.together.util.Logger/]: [bclib] Patcher Stage... message.bclib.datafixer.progress.reading%
[02Jan2026 21:14:41.904] [main/INFO] [org.betterx.worlds.together.util.Logger/]: [bclib] Patcher Stage... message.bclib.datafixer.progress.players%
[02Jan2026 21:14:41.905] [Forge Version Check/INFO] [net.minecraftforge.fml.VersionChecker/]: [scuba_gear] Found status: BETA Current: 1.0.6 Target: null
[02Jan2026 21:14:41.905] [Forge Version Check/INFO] [net.minecraftforge.fml.VersionChecker/]: [vivecraft] Starting version check at https://raw.githubusercontent.com/Vivecraft/VivecraftMod/forge-versions/forge_updates.json
[02Jan2026 21:14:41.908] [main/INFO] [org.betterx.worlds.together.util.Logger/]: [DataFixerAPI] Inspecting ./world/./playerdata/c4a24477-ad1c-3283-8513-c2225e18f5f8.dat
[02Jan2026 21:14:41.909] [ForkJoinPool.commonPool-worker-2/INFO] [org.betterx.worlds.together.util.Logger/]: [DataFixerAPI] Inspecting ./world/./playerdata/d771d597-0bec-317e-91fc-d6489be7d14c.dat
[02Jan2026 21:14:41.909] [ForkJoinPool.commonPool-worker-1/INFO] [org.betterx.worlds.together.util.Logger/]: [DataFixerAPI] Inspecting ./world/./playerdata/dfb8661e-488c-3625-9582-3f173aba1f44.dat
[02Jan2026 21:14:41.909] [main/INFO] [org.betterx.worlds.together.util.Logger/]: [DataFixerAPI] Inspecting ./world/./playerdata/895a61ae-daa1-31a8-848c-067f5c39d9ab.dat
[02Jan2026 21:14:41.910] [ForkJoinPool.commonPool-worker-2/INFO] [org.betterx.worlds.together.util.Logger/]: [DataFixerAPI] Inspecting ./world/./playerdata/24b23e0d-ae23-3961-be6d-198b22b508ed.dat
[02Jan2026 21:14:41.909] [ForkJoinPool.commonPool-worker-3/INFO] [org.betterx.worlds.together.util.Logger/]: [DataFixerAPI] Inspecting ./world/./playerdata/eb9e55d1-d7a2-3445-b006-f2ee4687c872.dat
[02Jan2026 21:14:41.911] [main/INFO] [org.betterx.worlds.together.util.Logger/]: [DataFixerAPI] Inspecting ./world/./playerdata/00584901-d377-349a-bf23-7890f699efe7.dat
[02Jan2026 21:14:41.912] [main/INFO] [org.betterx.worlds.together.util.Logger/]: [DataFixerAPI] Inspecting ./world/./playerdata/e3cb9f51-2d55-36d5-b57e-24ab13ec30de.dat
[02Jan2026 21:14:41.913] [main/INFO] [org.betterx.worlds.together.util.Logger/]: [bclib] Patcher Stage... message.bclib.datafixer.progress.level%
[02Jan2026 21:14:41.914] [main/INFO] [org.betterx.worlds.together.util.Logger/]: [DataFixerAPI] Inspecting level.dat in ./world/.
[02Jan2026 21:14:41.914] [main/INFO] [org.betterx.worlds.together.util.Logger/]: [bclib] Patcher Stage... message.bclib.datafixer.progress.worlddata%
[02Jan2026 21:14:41.914] [main/INFO] [org.betterx.worlds.together.util.Logger/]: [bclib] Patcher Stage... message.bclib.datafixer.progress.regions%
[02Jan2026 21:14:41.915] [main/INFO] [org.betterx.worlds.together.util.Logger/]: [DataFixerAPI] Inspecting ./world/./region/r.-2.0.mca
[02Jan2026 21:14:41.916] [ForkJoinPool.commonPool-worker-1/INFO] [org.betterx.worlds.together.util.Logger/]: [DataFixerAPI] Inspecting ./world/./region/r.-3.-3.mca
[02Jan2026 21:14:41.917] [ForkJoinPool.commonPool-worker-3/INFO] [org.betterx.worlds.together.util.Logger/]: [DataFixerAPI] Inspecting ./world/./poi/r.-4.-2.mca
[02Jan2026 21:14:41.917] [ForkJoinPool.commonPool-worker-2/INFO] [org.betterx.worlds.together.util.Logger/]: [DataFixerAPI] Inspecting ./world/./region/r.1.-1.mca
[02Jan2026 21:14:41.917] [Forge Version Check/INFO] [net.minecraftforge.fml.VersionChecker/]: [vivecraft] Found status: UP_TO_DATE Current: 1.20.1-1.3.4 Target: null
[02Jan2026 21:14:41.918] [Forge Version Check/INFO] [net.minecraftforge.fml.VersionChecker/]: [moonlight] Starting version check at https://raw.githubusercontent.com/MehVahdJukaar/Moonlight/multi-loader/forge/update.json
[02Jan2026 21:14:41.928] [Forge Version Check/INFO] [net.minecraftforge.fml.VersionChecker/]: [moonlight] Found status: BETA Current: 1.20-2.11.31 Target: null
[02Jan2026 21:14:41.928] [Forge Version Check/INFO] [net.minecraftforge.fml.VersionChecker/]: [iceberg] Starting version check at https://mc-update-check.anthonyhilyard.com/520110
[02Jan2026 21:14:41.955] [Forge Version Check/INFO] [net.minecraftforge.fml.VersionChecker/]: [iceberg] Found status: OUTDATED Current: 1.1.21 Target: 1.1.25
[02Jan2026 21:14:42.328] [ForkJoinPool.commonPool-worker-3/INFO] [org.betterx.worlds.together.util.Logger/]: [DataFixerAPI] Inspecting ./world/./poi/r.-5.-2.mca
[02Jan2026 21:14:42.329] [ForkJoinPool.commonPool-worker-3/INFO] [org.betterx.worlds.together.util.Logger/]: [DataFixerAPI] Inspecting ./world/./poi/r.2.-2.mca
[02Jan2026 21:14:42.330] [ForkJoinPool.commonPool-worker-3/INFO] [org.betterx.worlds.together.util.Logger/]: [DataFixerAPI] Inspecting ./world/./poi/r.-1.3.mca
[02Jan2026 21:14:42.330] [ForkJoinPool.commonPool-worker-3/INFO] [org.betterx.worlds.together.util.Logger/]: [DataFixerAPI] Inspecting ./world/./poi/r.1.-2.mca
[02Jan2026 21:14:42.331] [ForkJoinPool.commonPool-worker-3/INFO] [org.betterx.worlds.together.util.Logger/]: [DataFixerAPI] Inspecting ./world/./poi/r.2.-1.mca
[02Jan2026 21:14:42.338] [ForkJoinPool.commonPool-worker-3/INFO] [org.betterx.worlds.together.util.Logger/]: [DataFixerAPI] Inspecting ./world/./poi/r.-4.-1.mca
[02Jan2026 21:14:42.422] [ForkJoinPool.commonPool-worker-3/INFO] [org.betterx.worlds.together.util.Logger/]: [DataFixerAPI] Inspecting ./world/./poi/r.2.0.mca
[02Jan2026 21:14:42.430] [ForkJoinPool.commonPool-worker-3/INFO] [org.betterx.worlds.together.util.Logger/]: [DataFixerAPI] Inspecting ./world/./poi/r.-2.2.mca
[02Jan2026 21:14:42.432] [ForkJoinPool.commonPool-worker-3/INFO] [org.betterx.worlds.together.util.Logger/]: [DataFixerAPI] Inspecting ./world/./poi/r.1.3.mca
[02Jan2026 21:14:42.432] [ForkJoinPool.commonPool-worker-3/INFO] [org.betterx.worlds.together.util.Logger/]: [DataFixerAPI] Inspecting ./world/./poi/r.-4.1.mca
[02Jan2026 21:14:42.433] [ForkJoinPool.commonPool-worker-3/INFO] [org.betterx.worlds.together.util.Logger/]: [DataFixerAPI] Inspecting ./world/./poi/r.0.1.mca
[02Jan2026 21:14:42.434] [ForkJoinPool.commonPool-worker-3/INFO] [org.betterx.worlds.together.util.Logger/]: [DataFixerAPI] Inspecting ./world/./poi/r.-1.2.mca
[02Jan2026 21:14:42.548] [ForkJoinPool.commonPool-worker-3/INFO] [org.betterx.worlds.together.util.Logger/]: [DataFixerAPI] Inspecting ./world/./poi/r.-2.0.mca
[02Jan2026 21:14:42.553] [ForkJoinPool.commonPool-worker-3/INFO] [org.betterx.worlds.together.util.Logger/]: [DataFixerAPI] Inspecting ./world/./poi/r.-4.-3.mca
[02Jan2026 21:14:42.554] [ForkJoinPool.commonPool-worker-3/INFO] [org.betterx.worlds.together.util.Logger/]: [DataFixerAPI] Inspecting ./world/./poi/r.-1.-1.mca
[02Jan2026 21:14:42.582] [ForkJoinPool.commonPool-worker-3/INFO] [org.betterx.worlds.together.util.Logger/]: [DataFixerAPI] Inspecting ./world/./poi/r.-3.-1.mca
[02Jan2026 21:14:42.725] [ForkJoinPool.commonPool-worker-3/INFO] [org.betterx.worlds.together.util.Logger/]: [DataFixerAPI] Inspecting ./world/./poi/r.-5.-1.mca
[02Jan2026 21:14:42.726] [ForkJoinPool.commonPool-worker-3/INFO] [org.betterx.worlds.together.util.Logger/]: [DataFixerAPI] Inspecting ./world/./poi/r.0.-2.mca
[02Jan2026 21:14:42.843] [ForkJoinPool.commonPool-worker-3/INFO] [org.betterx.worlds.together.util.Logger/]: [DataFixerAPI] Inspecting ./world/./poi/r.1.1.mca
[02Jan2026 21:14:42.844] [ForkJoinPool.commonPool-worker-3/INFO] [org.betterx.worlds.together.util.Logger/]: [DataFixerAPI] Inspecting ./world/./poi/r.-2.-2.mca
[02Jan2026 21:14:42.845] [ForkJoinPool.commonPool-worker-3/INFO] [org.betterx.worlds.together.util.Logger/]: [DataFixerAPI] Inspecting ./world/./poi/r.-1.1.mca
[02Jan2026 21:14:42.861] [ForkJoinPool.commonPool-worker-3/INFO] [org.betterx.worlds.together.util.Logger/]: [DataFixerAPI] Inspecting ./world/./poi/r.0.-3.mca
[02Jan2026 21:14:42.865] [ForkJoinPool.commonPool-worker-3/INFO] [org.betterx.worlds.together.util.Logger/]: [DataFixerAPI] Inspecting ./world/./poi/r.3.0.mca
[02Jan2026 21:14:42.866] [ForkJoinPool.commonPool-worker-3/INFO] [org.betterx.worlds.together.util.Logger/]: [DataFixerAPI] Inspecting ./world/./poi/r.3.-2.mca
[02Jan2026 21:14:42.867] [ForkJoinPool.commonPool-worker-3/INFO] [org.betterx.worlds.together.util.Logger/]: [DataFixerAPI] Inspecting ./world/./poi/r.-1.0.mca
[02Jan2026 21:14:42.869] [ForkJoinPool.commonPool-worker-3/INFO] [org.betterx.worlds.together.util.Logger/]: [DataFixerAPI] Inspecting ./world/./poi/r.0.3.mca
[02Jan2026 21:14:42.870] [ForkJoinPool.commonPool-worker-3/INFO] [org.betterx.worlds.together.util.Logger/]: [DataFixerAPI] Inspecting ./world/./poi/r.1.-1.mca
[02Jan2026 21:14:42.871] [ForkJoinPool.commonPool-worker-3/INFO] [org.betterx.worlds.together.util.Logger/]: [DataFixerAPI] Inspecting ./world/./poi/r.-2.-1.mca
[02Jan2026 21:14:42.872] [ForkJoinPool.commonPool-worker-3/INFO] [org.betterx.worlds.together.util.Logger/]: [DataFixerAPI] Inspecting ./world/./poi/r.-2.-3.mca
[02Jan2026 21:14:42.944] [ForkJoinPool.commonPool-worker-3/INFO] [org.betterx.worlds.together.util.Logger/]: [bclib] Patching... 24%
[02Jan2026 21:14:42.945] [ForkJoinPool.commonPool-worker-3/INFO] [org.betterx.worlds.together.util.Logger/]: [DataFixerAPI] Inspecting ./world/./poi/r.-3.-3.mca
[02Jan2026 21:14:43.321] [ForkJoinPool.commonPool-worker-3/INFO] [org.betterx.worlds.together.util.Logger/]: [DataFixerAPI] Inspecting ./world/./poi/r.-2.1.mca
[02Jan2026 21:14:43.322] [ForkJoinPool.commonPool-worker-3/INFO] [org.betterx.worlds.together.util.Logger/]: [DataFixerAPI] Inspecting ./world/./poi/r.1.0.mca
[02Jan2026 21:14:43.324] [ForkJoinPool.commonPool-worker-3/INFO] [org.betterx.worlds.together.util.Logger/]: [DataFixerAPI] Inspecting ./world/./poi/r.-3.-2.mca
[02Jan2026 21:14:43.325] [ForkJoinPool.commonPool-worker-3/INFO] [org.betterx.worlds.together.util.Logger/]: [DataFixerAPI] Inspecting ./world/./poi/r.-3.2.mca
[02Jan2026 21:14:43.327] [ForkJoinPool.commonPool-worker-3/INFO] [org.betterx.worlds.together.util.Logger/]: [DataFixerAPI] Inspecting ./world/./poi/r.3.-1.mca
[02Jan2026 21:14:43.327] [ForkJoinPool.commonPool-worker-3/INFO] [org.betterx.worlds.together.util.Logger/]: [DataFixerAPI] Inspecting ./world/./poi/r.-1.-2.mca
[02Jan2026 21:14:43.333] [ForkJoinPool.commonPool-worker-3/INFO] [org.betterx.worlds.together.util.Logger/]: [DataFixerAPI] Inspecting ./world/./poi/r.2.1.mca
[02Jan2026 21:14:43.334] [ForkJoinPool.commonPool-worker-3/INFO] [org.betterx.worlds.together.util.Logger/]: [DataFixerAPI] Inspecting ./world/./poi/r.0.0.mca
[02Jan2026 21:14:43.340] [ForkJoinPool.commonPool-worker-3/INFO] [org.betterx.worlds.together.util.Logger/]: [DataFixerAPI] Inspecting ./world/./poi/r.-2.3.mca
[02Jan2026 21:14:43.340] [ForkJoinPool.commonPool-worker-3/INFO] [org.betterx.worlds.together.util.Logger/]: [DataFixerAPI] Inspecting ./world/./poi/r.-3.-4.mca
[02Jan2026 21:14:43.344] [ForkJoinPool.commonPool-worker-3/INFO] [org.betterx.worlds.together.util.Logger/]: [DataFixerAPI] Inspecting ./world/./poi/r.-1.-3.mca
[02Jan2026 21:14:43.344] [ForkJoinPool.commonPool-worker-3/INFO] [org.betterx.worlds.together.util.Logger/]: [DataFixerAPI] Inspecting ./world/./poi/r.-4.0.mca
[02Jan2026 21:14:43.345] [ForkJoinPool.commonPool-worker-3/INFO] [org.betterx.worlds.together.util.Logger/]: [DataFixerAPI] Inspecting ./world/./poi/r.0.-1.mca
[02Jan2026 21:14:43.347] [ForkJoinPool.commonPool-worker-3/INFO] [org.betterx.worlds.together.util.Logger/]: [DataFixerAPI] Inspecting ./world/./poi/r.-3.0.mca
[02Jan2026 21:14:43.348] [ForkJoinPool.commonPool-worker-3/INFO] [org.betterx.worlds.together.util.Logger/]: [DataFixerAPI] Inspecting ./world/./poi/r.1.2.mca
[02Jan2026 21:14:43.349] [ForkJoinPool.commonPool-worker-3/INFO] [org.betterx.worlds.together.util.Logger/]: [DataFixerAPI] Inspecting ./world/./poi/r.0.2.mca
[02Jan2026 21:14:43.371] [ForkJoinPool.commonPool-worker-3/INFO] [org.betterx.worlds.together.util.Logger/]: [DataFixerAPI] Inspecting ./world/./poi/r.-3.1.mca
[02Jan2026 21:14:43.372] [ForkJoinPool.commonPool-worker-3/INFO] [org.betterx.worlds.together.util.Logger/]: [DataFixerAPI] Inspecting ./world/./region/r.-2.-2.mca
[02Jan2026 21:14:46.780] [ForkJoinPool.commonPool-worker-1/INFO] [org.betterx.worlds.together.util.Logger/]: [bclib] Patching... 35%
[02Jan2026 21:14:46.781] [ForkJoinPool.commonPool-worker-1/INFO] [org.betterx.worlds.together.util.Logger/]: [DataFixerAPI] Inspecting ./world/./region/r.-2.1.mca
[02Jan2026 21:14:47.508] [ForkJoinPool.commonPool-worker-2/INFO] [org.betterx.worlds.together.util.Logger/]: [DataFixerAPI] Inspecting ./world/./region/r.-2.-1.mca
[02Jan2026 21:14:48.183] [main/INFO] [org.betterx.worlds.together.util.Logger/]: [bclib] Patching... 36%
[02Jan2026 21:14:48.183] [main/INFO] [org.betterx.worlds.together.util.Logger/]: [DataFixerAPI] Inspecting ./world/./region/r.-4.-3.mca
[02Jan2026 21:14:49.680] [ForkJoinPool.commonPool-worker-3/INFO] [org.betterx.worlds.together.util.Logger/]: [bclib] Patching... 37%
[02Jan2026 21:14:49.681] [ForkJoinPool.commonPool-worker-3/INFO] [org.betterx.worlds.together.util.Logger/]: [DataFixerAPI] Inspecting ./world/./region/r.-1.1.mca
[02Jan2026 21:14:50.010] [ForkJoinPool.commonPool-worker-3/INFO] [org.betterx.worlds.together.util.Logger/]: [DataFixerAPI] Inspecting ./world/./region/r.0.-3.mca
[02Jan2026 21:14:50.132] [ForkJoinPool.commonPool-worker-3/INFO] [org.betterx.worlds.together.util.Logger/]: [DataFixerAPI] Inspecting ./world/./region/r.3.0.mca
[02Jan2026 21:14:50.273] [ForkJoinPool.commonPool-worker-3/INFO] [org.betterx.worlds.together.util.Logger/]: [DataFixerAPI] Inspecting ./world/./region/r.3.-2.mca
[02Jan2026 21:14:50.352] [ForkJoinPool.commonPool-worker-3/INFO] [org.betterx.worlds.together.util.Logger/]: [DataFixerAPI] Inspecting ./world/./region/r.-5.1.mca
[02Jan2026 21:14:50.352] [ForkJoinPool.commonPool-worker-3/INFO] [org.betterx.worlds.together.util.Logger/]: [DataFixerAPI] Inspecting ./world/./region/r.-1.0.mca
[02Jan2026 21:14:50.513] [main/INFO] [org.betterx.worlds.together.util.Logger/]: [DataFixerAPI] Inspecting ./world/./region/r.-1.-4.mca
[02Jan2026 21:14:50.636] [main/INFO] [org.betterx.worlds.together.util.Logger/]: [DataFixerAPI] Inspecting ./world/./region/r.-1.-1.mca
[02Jan2026 21:14:50.720] [ForkJoinPool.commonPool-worker-3/INFO] [org.betterx.worlds.together.util.Logger/]: [bclib] Patching... 42%
[02Jan2026 21:14:50.721] [ForkJoinPool.commonPool-worker-3/INFO] [org.betterx.worlds.together.util.Logger/]: [DataFixerAPI] Inspecting ./world/./region/r.0.3.mca
[02Jan2026 21:14:50.932] [ForkJoinPool.commonPool-worker-1/INFO] [org.betterx.worlds.together.util.Logger/]: [DataFixerAPI] Inspecting ./world/./region/r.1.0.mca
[02Jan2026 21:14:50.955] [ForkJoinPool.commonPool-worker-3/INFO] [org.betterx.worlds.together.util.Logger/]: [DataFixerAPI] Inspecting ./world/./region/r.-4.2.mca
[02Jan2026 21:14:50.956] [ForkJoinPool.commonPool-worker-3/INFO] [org.betterx.worlds.together.util.Logger/]: [DataFixerAPI] Inspecting ./world/./region/r.-2.-4.mca
[02Jan2026 21:14:50.957] [main/INFO] [org.betterx.worlds.together.util.Logger/]: [DataFixerAPI] Inspecting ./world/./region/r.-3.-1.mca
[02Jan2026 21:14:50.962] [ForkJoinPool.commonPool-worker-2/INFO] [org.betterx.worlds.together.util.Logger/]: [DataFixerAPI] Inspecting ./world/./region/r.-6.-5.mca
[02Jan2026 21:14:50.963] [ForkJoinPool.commonPool-worker-2/INFO] [org.betterx.worlds.together.util.Logger/]: [DataFixerAPI] Inspecting ./world/./region/r.-2.-3.mca
[02Jan2026 21:14:51.144] [ForkJoinPool.commonPool-worker-3/INFO] [org.betterx.worlds.together.util.Logger/]: [DataFixerAPI] Inspecting ./world/./entities/r.2.-1.mca
[02Jan2026 21:14:51.191] [ForkJoinPool.commonPool-worker-3/INFO] [org.betterx.worlds.together.util.Logger/]: [DataFixerAPI] Inspecting ./world/./entities/r.-4.-1.mca
[02Jan2026 21:14:51.244] [ForkJoinPool.commonPool-worker-3/INFO] [org.betterx.worlds.together.util.Logger/]: [DataFixerAPI] Inspecting ./world/./entities/r.2.0.mca
[02Jan2026 21:14:51.278] [ForkJoinPool.commonPool-worker-1/INFO] [org.betterx.worlds.together.util.Logger/]: [DataFixerAPI] Inspecting ./world/./region/r.-6.2.mca
[02Jan2026 21:14:51.279] [ForkJoinPool.commonPool-worker-1/INFO] [org.betterx.worlds.together.util.Logger/]: [DataFixerAPI] Inspecting ./world/./region/r.-3.-2.mca
[02Jan2026 21:14:51.312] [ForkJoinPool.commonPool-worker-3/INFO] [org.betterx.worlds.together.util.Logger/]: [DataFixerAPI] Inspecting ./world/./entities/r.-2.2.mca
[02Jan2026 21:14:51.403] [ForkJoinPool.commonPool-worker-3/INFO] [org.betterx.worlds.together.util.Logger/]: [DataFixerAPI] Inspecting ./world/./entities/r.0.1.mca
[02Jan2026 21:14:51.413] [ForkJoinPool.commonPool-worker-3/INFO] [org.betterx.worlds.together.util.Logger/]: [DataFixerAPI] Inspecting ./world/./entities/r.-1.2.mca
[02Jan2026 21:14:51.581] [ForkJoinPool.commonPool-worker-3/INFO] [org.betterx.worlds.together.util.Logger/]: [DataFixerAPI] Inspecting ./world/./entities/r.-5.-3.mca
[02Jan2026 21:14:51.582] [ForkJoinPool.commonPool-worker-3/INFO] [org.betterx.worlds.together.util.Logger/]: [DataFixerAPI] Inspecting ./world/./entities/r.-2.0.mca
[02Jan2026 21:14:51.620] [ForkJoinPool.commonPool-worker-3/INFO] [org.betterx.worlds.together.util.Logger/]: [DataFixerAPI] Inspecting ./world/./entities/r.-4.-3.mca
[02Jan2026 21:14:51.623] [ForkJoinPool.commonPool-worker-3/INFO] [org.betterx.worlds.together.util.Logger/]: [DataFixerAPI] Inspecting ./world/./entities/r.-1.-1.mca
[02Jan2026 21:14:51.634] [ForkJoinPool.commonPool-worker-3/INFO] [org.betterx.worlds.together.util.Logger/]: [DataFixerAPI] Inspecting ./world/./entities/r.-3.-1.mca
[02Jan2026 21:14:51.671] [ForkJoinPool.commonPool-worker-3/INFO] [org.betterx.worlds.together.util.Logger/]: [DataFixerAPI] Inspecting ./world/./entities/r.-5.-1.mca
[02Jan2026 21:14:51.672] [ForkJoinPool.commonPool-worker-3/INFO] [org.betterx.worlds.together.util.Logger/]: [DataFixerAPI] Inspecting ./world/./entities/r.0.-2.mca
[02Jan2026 21:14:51.697] [ForkJoinPool.commonPool-worker-3/INFO] [org.betterx.worlds.together.util.Logger/]: [DataFixerAPI] Inspecting ./world/./entities/r.1.1.mca
[02Jan2026 21:14:51.699] [ForkJoinPool.commonPool-worker-3/INFO] [org.betterx.worlds.together.util.Logger/]: [DataFixerAPI] Inspecting ./world/./entities/r.-1.-3.mca
[02Jan2026 21:14:51.700] [ForkJoinPool.commonPool-worker-3/INFO] [org.betterx.worlds.together.util.Logger/]: [DataFixerAPI] Inspecting ./world/./entities/r.-4.0.mca
[02Jan2026 21:14:51.701] [ForkJoinPool.commonPool-worker-3/INFO] [org.betterx.worlds.together.util.Logger/]: [DataFixerAPI] Inspecting ./world/./entities/r.0.-1.mca
[02Jan2026 21:14:51.709] [ForkJoinPool.commonPool-worker-3/INFO] [org.betterx.worlds.together.util.Logger/]: [DataFixerAPI] Inspecting ./world/./entities/r.-3.0.mca
[02Jan2026 21:14:51.728] [ForkJoinPool.commonPool-worker-3/INFO] [org.betterx.worlds.together.util.Logger/]: [bclib] Patching... 57%
[02Jan2026 21:14:51.728] [ForkJoinPool.commonPool-worker-3/INFO] [org.betterx.worlds.together.util.Logger/]: [DataFixerAPI] Inspecting ./world/./entities/r.0.2.mca
[02Jan2026 21:14:51.838] [ForkJoinPool.commonPool-worker-3/INFO] [org.betterx.worlds.together.util.Logger/]: [DataFixerAPI] Inspecting ./world/./entities/r.-3.1.mca
[02Jan2026 21:14:51.847] [ForkJoinPool.commonPool-worker-3/INFO] [org.betterx.worlds.together.util.Logger/]: [DataFixerAPI] Inspecting ./world/./entities/r.-1.0.mca
[02Jan2026 21:14:51.859] [ForkJoinPool.commonPool-worker-3/INFO] [org.betterx.worlds.together.util.Logger/]: [DataFixerAPI] Inspecting ./world/./entities/r.0.3.mca
[02Jan2026 21:14:51.861] [ForkJoinPool.commonPool-worker-3/INFO] [org.betterx.worlds.together.util.Logger/]: [DataFixerAPI] Inspecting ./world/./entities/r.1.-1.mca
[02Jan2026 21:14:51.871] [ForkJoinPool.commonPool-worker-3/INFO] [org.betterx.worlds.together.util.Logger/]: [DataFixerAPI] Inspecting ./world/./entities/r.-2.-1.mca
[02Jan2026 21:14:51.921] [ForkJoinPool.commonPool-worker-3/INFO] [org.betterx.worlds.together.util.Logger/]: [DataFixerAPI] Inspecting ./world/./entities/r.-2.-3.mca
[02Jan2026 21:14:51.961] [ForkJoinPool.commonPool-worker-3/INFO] [org.betterx.worlds.together.util.Logger/]: [DataFixerAPI] Inspecting ./world/./entities/r.-4.-2.mca
[02Jan2026 21:14:52.007] [ForkJoinPool.commonPool-worker-2/INFO] [org.betterx.worlds.together.util.Logger/]: [DataFixerAPI] Inspecting ./world/./region/r.-7.0.mca
[02Jan2026 21:14:52.008] [ForkJoinPool.commonPool-worker-2/INFO] [org.betterx.worlds.together.util.Logger/]: [DataFixerAPI] Inspecting ./world/./region/r.-4.-2.mca
[02Jan2026 21:14:52.030] [ForkJoinPool.commonPool-worker-3/INFO] [org.betterx.worlds.together.util.Logger/]: [DataFixerAPI] Inspecting ./world/./entities/r.-5.-2.mca
[02Jan2026 21:14:52.032] [ForkJoinPool.commonPool-worker-3/INFO] [org.betterx.worlds.together.util.Logger/]: [DataFixerAPI] Inspecting ./world/./entities/r.2.-2.mca
[02Jan2026 21:14:52.033] [ForkJoinPool.commonPool-worker-3/INFO] [org.betterx.worlds.together.util.Logger/]: [DataFixerAPI] Inspecting ./world/./entities/r.-1.3.mca
[02Jan2026 21:14:52.033] [ForkJoinPool.commonPool-worker-3/INFO] [org.betterx.worlds.together.util.Logger/]: [DataFixerAPI] Inspecting ./world/./entities/r.1.-2.mca
[02Jan2026 21:14:52.034] [ForkJoinPool.commonPool-worker-3/INFO] [org.betterx.worlds.together.util.Logger/]: [DataFixerAPI] Inspecting ./world/./entities/r.-3.-3.mca
[02Jan2026 21:14:52.129] [ForkJoinPool.commonPool-worker-3/INFO] [org.betterx.worlds.together.util.Logger/]: [DataFixerAPI] Inspecting ./world/./entities/r.-2.1.mca
[02Jan2026 21:14:52.196] [ForkJoinPool.commonPool-worker-3/INFO] [org.betterx.worlds.together.util.Logger/]: [DataFixerAPI] Inspecting ./world/./entities/r.1.0.mca
[02Jan2026 21:14:52.206] [ForkJoinPool.commonPool-worker-3/INFO] [org.betterx.worlds.together.util.Logger/]: [DataFixerAPI] Inspecting ./world/./entities/r.-3.-2.mca
[02Jan2026 21:14:52.276] [ForkJoinPool.commonPool-worker-3/INFO] [org.betterx.worlds.together.util.Logger/]: [DataFixerAPI] Inspecting ./world/./entities/r.-3.2.mca
[02Jan2026 21:14:52.282] [ForkJoinPool.commonPool-worker-3/INFO] [org.betterx.worlds.together.util.Logger/]: [DataFixerAPI] Inspecting ./world/./entities/r.-1.-2.mca
[02Jan2026 21:14:52.335] [ForkJoinPool.commonPool-worker-3/INFO] [org.betterx.worlds.together.util.Logger/]: [DataFixerAPI] Inspecting ./world/./entities/r.2.1.mca
[02Jan2026 21:14:52.338] [ForkJoinPool.commonPool-worker-3/INFO] [org.betterx.worlds.together.util.Logger/]: [DataFixerAPI] Inspecting ./world/./entities/r.0.0.mca
[02Jan2026 21:14:52.356] [ForkJoinPool.commonPool-worker-3/INFO] [org.betterx.worlds.together.util.Logger/]: [DataFixerAPI] Inspecting ./world/./entities/r.-2.-2.mca
[02Jan2026 21:14:52.444] [main/INFO] [org.betterx.worlds.together.util.Logger/]: [DataFixerAPI] Inspecting ./world/./region/r.-5.-1.mca
[02Jan2026 21:14:52.500] [ForkJoinPool.commonPool-worker-3/INFO] [org.betterx.worlds.together.util.Logger/]: [DataFixerAPI] Inspecting ./world/./entities/r.-1.1.mca
[02Jan2026 21:14:52.518] [ForkJoinPool.commonPool-worker-3/INFO] [org.betterx.worlds.together.util.Logger/]: [DataFixerAPI] Inspecting ./world/./region/r.1.-3.mca
[02Jan2026 21:14:52.521] [ForkJoinPool.commonPool-worker-3/INFO] [org.betterx.worlds.together.util.Logger/]: [DataFixerAPI] Inspecting ./world/./region/r.-4.1.mca
[02Jan2026 21:14:52.539] [ForkJoinPool.commonPool-worker-3/INFO] [org.betterx.worlds.together.util.Logger/]: [DataFixerAPI] Inspecting ./world/./region/r.0.1.mca
[02Jan2026 21:14:52.648] [ForkJoinPool.commonPool-worker-1/INFO] [org.betterx.worlds.together.util.Logger/]: [DataFixerAPI] Inspecting ./world/./region/r.-3.2.mca
[02Jan2026 21:14:52.831] [main/INFO] [org.betterx.worlds.together.util.Logger/]: [bclib] Patching... 75%
[02Jan2026 21:14:52.832] [main/INFO] [org.betterx.worlds.together.util.Logger/]: [DataFixerAPI] Inspecting ./world/./region/r.0.-2.mca
[02Jan2026 21:14:52.929] [ForkJoinPool.commonPool-worker-3/INFO] [org.betterx.worlds.together.util.Logger/]: [DataFixerAPI] Inspecting ./world/./region/r.-1.2.mca
[02Jan2026 21:14:53.292] [ForkJoinPool.commonPool-worker-1/INFO] [org.betterx.worlds.together.util.Logger/]: [DataFixerAPI] Inspecting ./world/./region/r.3.-1.mca
[02Jan2026 21:14:53.516] [ForkJoinPool.commonPool-worker-1/INFO] [org.betterx.worlds.together.util.Logger/]: [DataFixerAPI] Inspecting ./world/./region/r.-1.-2.mca
[02Jan2026 21:14:53.800] [ForkJoinPool.commonPool-worker-2/INFO] [org.betterx.worlds.together.util.Logger/]: [DataFixerAPI] Inspecting ./world/./region/r.-5.-2.mca
[02Jan2026 21:14:54.024] [main/INFO] [org.betterx.worlds.together.util.Logger/]: [bclib] Patching... 78%
[02Jan2026 21:14:54.024] [main/INFO] [org.betterx.worlds.together.util.Logger/]: [DataFixerAPI] Inspecting ./world/./region/r.1.1.mca
[02Jan2026 21:14:54.187] [main/INFO] [org.betterx.worlds.together.util.Logger/]: [DataFixerAPI] Inspecting ./world/./region/r.-4.3.mca
[02Jan2026 21:14:54.187] [main/INFO] [org.betterx.worlds.together.util.Logger/]: [DataFixerAPI] Inspecting ./world/./region/r.-5.3.mca
[02Jan2026 21:14:54.188] [main/INFO] [org.betterx.worlds.together.util.Logger/]: [DataFixerAPI] Inspecting ./world/./region/r.-2.3.mca
[02Jan2026 21:14:54.333] [main/INFO] [org.betterx.worlds.together.util.Logger/]: [DataFixerAPI] Inspecting ./world/./region/r.-3.-4.mca
[02Jan2026 21:14:54.412] [main/INFO] [org.betterx.worlds.together.util.Logger/]: [DataFixerAPI] Inspecting ./world/./region/r.-1.-3.mca
[02Jan2026 21:14:54.413] [ForkJoinPool.commonPool-worker-2/INFO] [org.betterx.worlds.together.util.Logger/]: [DataFixerAPI] Inspecting ./world/./region/r.2.-2.mca
[02Jan2026 21:14:54.740] [main/INFO] [org.betterx.worlds.together.util.Logger/]: [DataFixerAPI] Inspecting ./world/./region/r.-4.0.mca
[02Jan2026 21:14:54.747] [ForkJoinPool.commonPool-worker-3/INFO] [org.betterx.worlds.together.util.Logger/]: [DataFixerAPI] Inspecting ./world/./region/r.-6.-4.mca
[02Jan2026 21:14:54.748] [ForkJoinPool.commonPool-worker-3/INFO] [org.betterx.worlds.together.util.Logger/]: [DataFixerAPI] Inspecting ./world/./region/r.-6.0.mca
[02Jan2026 21:14:54.749] [ForkJoinPool.commonPool-worker-3/INFO] [org.betterx.worlds.together.util.Logger/]: [DataFixerAPI] Inspecting ./world/./region/r.-4.-4.mca
[02Jan2026 21:14:54.751] [ForkJoinPool.commonPool-worker-3/INFO] [org.betterx.worlds.together.util.Logger/]: [DataFixerAPI] Inspecting ./world/./region/r.-7.-1.mca
[02Jan2026 21:14:54.752] [ForkJoinPool.commonPool-worker-3/INFO] [org.betterx.worlds.together.util.Logger/]: [DataFixerAPI] Inspecting ./world/./region/r.-6.-2.mca
[02Jan2026 21:14:54.752] [ForkJoinPool.commonPool-worker-3/INFO] [org.betterx.worlds.together.util.Logger/]: [DataFixerAPI] Inspecting ./world/./region/r.-5.-3.mca
[02Jan2026 21:14:54.756] [ForkJoinPool.commonPool-worker-2/INFO] [org.betterx.worlds.together.util.Logger/]: [DataFixerAPI] Inspecting ./world/./region/r.-1.3.mca
[02Jan2026 21:14:54.805] [ForkJoinPool.commonPool-worker-3/INFO] [org.betterx.worlds.together.util.Logger/]: [DataFixerAPI] Inspecting ./world/./region/r.-6.-3.mca
[02Jan2026 21:14:54.806] [ForkJoinPool.commonPool-worker-3/INFO] [org.betterx.worlds.together.util.Logger/]: [DataFixerAPI] Inspecting ./world/./region/r.-5.0.mca
[02Jan2026 21:14:54.810] [ForkJoinPool.commonPool-worker-3/INFO] [org.betterx.worlds.together.util.Logger/]: [DataFixerAPI] Inspecting ./world/./region/r.-3.3.mca
[02Jan2026 21:14:54.810] [ForkJoinPool.commonPool-worker-3/INFO] [org.betterx.worlds.together.util.Logger/]: [DataFixerAPI] Inspecting ./world/./region/r.2.-1.mca
[02Jan2026 21:14:54.879] [ForkJoinPool.commonPool-worker-1/INFO] [org.betterx.worlds.together.util.Logger/]: [DataFixerAPI] Inspecting ./world/./region/r.2.1.mca
[02Jan2026 21:14:54.960] [ForkJoinPool.commonPool-worker-2/INFO] [org.betterx.worlds.together.util.Logger/]: [DataFixerAPI] Inspecting ./world/./region/r.1.-2.mca
[02Jan2026 21:14:55.102] [ForkJoinPool.commonPool-worker-2/INFO] [org.betterx.worlds.together.util.Logger/]: [bclib] Patching... 90%
[02Jan2026 21:14:55.103] [main/INFO] [org.betterx.worlds.together.util.Logger/]: [DataFixerAPI] Inspecting ./world/./region/r.0.-1.mca
[02Jan2026 21:14:55.156] [ForkJoinPool.commonPool-worker-1/INFO] [org.betterx.worlds.together.util.Logger/]: [DataFixerAPI] Inspecting ./world/./region/r.0.0.mca
[02Jan2026 21:14:55.344] [ForkJoinPool.commonPool-worker-3/INFO] [org.betterx.worlds.together.util.Logger/]: [DataFixerAPI] Inspecting ./world/./region/r.-4.-1.mca
[02Jan2026 21:14:55.413] [main/INFO] [org.betterx.worlds.together.util.Logger/]: [DataFixerAPI] Inspecting ./world/./region/r.-5.2.mca
[02Jan2026 21:14:55.414] [main/INFO] [org.betterx.worlds.together.util.Logger/]: [DataFixerAPI] Inspecting ./world/./region/r.-3.0.mca
[02Jan2026 21:14:55.843] [ForkJoinPool.commonPool-worker-3/INFO] [org.betterx.worlds.together.util.Logger/]: [DataFixerAPI] Inspecting ./world/./region/r.2.0.mca
[02Jan2026 21:14:56.025] [main/INFO] [org.betterx.worlds.together.util.Logger/]: [DataFixerAPI] Inspecting ./world/./region/r.1.2.mca
[02Jan2026 21:14:56.126] [main/INFO] [org.betterx.worlds.together.util.Logger/]: [bclib] Patching... 95%
[02Jan2026 21:14:56.126] [main/INFO] [org.betterx.worlds.together.util.Logger/]: [DataFixerAPI] Inspecting ./world/./region/r.0.2.mca
[02Jan2026 21:14:56.333] [ForkJoinPool.commonPool-worker-3/INFO] [org.betterx.worlds.together.util.Logger/]: [DataFixerAPI] Inspecting ./world/./region/r.-6.1.mca
[02Jan2026 21:14:56.334] [ForkJoinPool.commonPool-worker-3/INFO] [org.betterx.worlds.together.util.Logger/]: [DataFixerAPI] Inspecting ./world/./region/r.-2.2.mca
[02Jan2026 21:14:56.595] [main/INFO] [org.betterx.worlds.together.util.Logger/]: [DataFixerAPI] Inspecting ./world/./region/r.-3.1.mca
[02Jan2026 21:14:57.298] [main/INFO] [org.betterx.worlds.together.util.Logger/]: [bclib] Patching... 98%
[02Jan2026 21:14:57.302] [ForkJoinPool.commonPool-worker-3/INFO] [org.betterx.worlds.together.util.Logger/]: [DataFixerAPI] Inspecting ./world/./region/r.1.3.mca
[02Jan2026 21:14:57.334] [main/INFO] [org.betterx.worlds.together.util.Logger/]: [bclib] Patcher Stage... message.bclib.datafixer.progress.saving%
[02Jan2026 21:14:57.335] [main/INFO] [org.betterx.worlds.together.util.Logger/]: [DataFixerAPI] Updating Patch-Level for 'betternether' from 0.0.0 to 9.0.1
[02Jan2026 21:14:57.336] [main/INFO] [org.betterx.worlds.together.util.Logger/]: [DataFixerAPI] Updating Patch-Level for 'bclib' from 0.0.0 to 3.0.11
[02Jan2026 21:14:57.352] [main/WARN] [net.minecraft.server.packs.VanillaPackResourcesBuilder/]: Assets URL 'union:/workspaces/Minecraft-server-1.20.1-VERSION-1.0/servidor_minecraft/libraries/net/minecraft/server/1.20.1-20230612.114412/server-1.20.1-20230612.114412-srg.jar%23403!/assets/.mcassetsroot' uses unexpected schema
[02Jan2026 21:14:57.353] [main/WARN] [net.minecraft.server.packs.VanillaPackResourcesBuilder/]: Assets URL 'union:/workspaces/Minecraft-server-1.20.1-VERSION-1.0/servidor_minecraft/libraries/net/minecraft/server/1.20.1-20230612.114412/server-1.20.1-20230612.114412-srg.jar%23403!/data/.mcassetsroot' uses unexpected schema
[02Jan2026 21:14:57.530] [main/INFO] [net.minecraft.resources.RegistryDataLoader/]: Using path as content location for registry worlds_together:worldgen/betterx/biome
[02Jan2026 21:14:58.190] [main/INFO] [org.betterx.worlds.together.util.Logger/]: [bclib] Did not manage biome betterend:empty_aurora_cave
[02Jan2026 21:14:58.191] [main/INFO] [org.betterx.worlds.together.util.Logger/]: [bclib] Did not manage biome betterend:empty_end_cave
[02Jan2026 21:14:58.191] [main/INFO] [org.betterx.worlds.together.util.Logger/]: [bclib] Did not manage biome betterend:empty_smaragdant_cave
[02Jan2026 21:14:58.194] [main/INFO] [org.betterx.worlds.together.util.Logger/]: [bclib] Did not manage biome betterend:jade_cave
[02Jan2026 21:14:58.196] [main/INFO] [org.betterx.worlds.together.util.Logger/]: [bclib] Did not manage biome betterend:lush_aurora_cave
[02Jan2026 21:14:58.196] [main/INFO] [org.betterx.worlds.together.util.Logger/]: [bclib] Did not manage biome betterend:lush_smaragdant_cave
[02Jan2026 21:14:58.197] [main/INFO] [org.betterx.worlds.together.util.Logger/]: [bclib] Did not manage biome betterend:megalake_grove
[02Jan2026 21:14:58.197] [main/INFO] [org.betterx.worlds.together.util.Logger/]: [bclib] Did not manage biome betterend:neon_oasis
[02Jan2026 21:14:58.200] [main/INFO] [org.betterx.worlds.together.util.Logger/]: [bclib] Did not manage biome betterend:painted_mountains
[02Jan2026 21:14:59.079] [main/INFO] [com.jtorleonstudios.libraryferret.LibraryFerret/]: Structure placement for `awesomedungeon:abandoned_oak_palace/start_pool`: { spacing: 50, separation: 25, salt: 1694767080, useValueFromConfiguration: true}
[02Jan2026 21:14:59.081] [main/INFO] [com.jtorleonstudios.libraryferret.LibraryFerret/]: Structure placement for `awesomedungeonend:aws_all_end_structures/start_pool`: { spacing: 20, separation: 15, salt: 49082056, useValueFromConfiguration: true}
[02Jan2026 21:14:59.082] [main/INFO] [com.jtorleonstudios.libraryferret.LibraryFerret/]: Structure placement for `awesomedungeon:better_default_jungle_temple/start_pool`: { spacing: 50, separation: 25, salt: 1654787080, useValueFromConfiguration: true}
[02Jan2026 21:14:59.083] [main/INFO] [com.jtorleonstudios.libraryferret.LibraryFerret/]: Structure placement for `awesomedungeonocean:brigantine/start_pool`: { spacing: 50, separation: 25, salt: 254835856, useValueFromConfiguration: true}
[02Jan2026 21:14:59.088] [main/INFO] [com.jtorleonstudios.libraryferret.LibraryFerret/]: Structure placement for `awesomedungeon:desert_temple_husk/start_pool`: { spacing: 50, separation: 25, salt: 1394767080, useValueFromConfiguration: true}
[02Jan2026 21:14:59.094] [main/INFO] [com.jtorleonstudios.libraryferret.LibraryFerret/]: Structure placement for `awesomedungeonocean:frigate_large/start_pool`: { spacing: 50, separation: 25, salt: 35482856, useValueFromConfiguration: true}
[02Jan2026 21:14:59.095] [main/INFO] [com.jtorleonstudios.libraryferret.LibraryFerret/]: Structure placement for `awesomedungeonocean:frigate_medium/start_pool`: { spacing: 50, separation: 25, salt: 45482856, useValueFromConfiguration: true}
[02Jan2026 21:14:59.105] [main/INFO] [com.jtorleonstudios.libraryferret.LibraryFerret/]: Structure placement for `awesomedungeon:jungle_giant_tree/start_pool`: { spacing: 50, separation: 25, salt: 1494763380, useValueFromConfiguration: true}
[02Jan2026 21:14:59.110] [main/INFO] [com.jtorleonstudios.libraryferret.LibraryFerret/]: Structure placement for `awesomedungeon:mushroom_abandonned/start_pool`: { spacing: 50, separation: 25, salt: 1494227080, useValueFromConfiguration: true}
[02Jan2026 21:14:59.113] [main/INFO] [com.jtorleonstudios.libraryferret.LibraryFerret/]: Structure placement for `awesomedungeonnether:nth_absi_palace/start_pool`: { spacing: 50, separation: 25, salt: 19482856, useValueFromConfiguration: true}
[02Jan2026 21:14:59.113] [main/INFO] [com.jtorleonstudios.libraryferret.LibraryFerret/]: Structure placement for `awesomedungeonnether:nth_accum_quad/start_pool`: { spacing: 50, separation: 25, salt: 28482856, useValueFromConfiguration: true}
[02Jan2026 21:14:59.113] [main/INFO] [com.jtorleonstudios.libraryferret.LibraryFerret/]: Structure placement for `awesomedungeonnether:nth_blaze_tower/start_pool`: { spacing: 50, separation: 25, salt: 37482856, useValueFromConfiguration: true}
[02Jan2026 21:14:59.113] [main/INFO] [com.jtorleonstudios.libraryferret.LibraryFerret/]: Structure placement for `awesomedungeonnether:nth_center_square/start_pool`: { spacing: 50, separation: 25, salt: 46482856, useValueFromConfiguration: true}
[02Jan2026 21:14:59.114] [main/INFO] [com.jtorleonstudios.libraryferret.LibraryFerret/]: Structure placement for `awesomedungeonnether:nth_giant_crimson_tree/start_pool`: { spacing: 50, separation: 25, salt: 55482856, useValueFromConfiguration: true}
[02Jan2026 21:14:59.114] [main/INFO] [com.jtorleonstudios.libraryferret.LibraryFerret/]: Structure placement for `awesomedungeonnether:nth_obsi_house/start_pool`: { spacing: 50, separation: 25, salt: 64482856, useValueFromConfiguration: true}
[02Jan2026 21:14:59.114] [main/INFO] [com.jtorleonstudios.libraryferret.LibraryFerret/]: Structure placement for `awesomedungeonocean:ocean_cage/start_pool`: { spacing: 50, separation: 25, salt: 40842806, useValueFromConfiguration: true}
[02Jan2026 21:14:59.115] [main/INFO] [com.jtorleonstudios.libraryferret.LibraryFerret/]: Structure placement for `awesomedungeonocean:ocean_quad/start_pool`: { spacing: 50, separation: 25, salt: 254835856, useValueFromConfiguration: true}
[02Jan2026 21:14:59.115] [main/INFO] [com.jtorleonstudios.libraryferret.LibraryFerret/]: Structure placement for `awesomedungeonocean:ocean_ruin_pillager/start_pool`: { spacing: 50, separation: 25, salt: 254145856, useValueFromConfiguration: true}
[02Jan2026 21:14:59.115] [main/INFO] [com.jtorleonstudios.libraryferret.LibraryFerret/]: Structure placement for `awesomedungeonocean:ocean_ruin_vanilla_temple/start_pool`: { spacing: 50, separation: 25, salt: 25482856, useValueFromConfiguration: true}
[02Jan2026 21:14:59.116] [main/INFO] [com.jtorleonstudios.libraryferret.LibraryFerret/]: Structure placement for `awesomedungeonocean:ocean_temple_quad/start_pool`: { spacing: 50, separation: 25, salt: 35482856, useValueFromConfiguration: true}
[02Jan2026 21:14:59.116] [main/INFO] [com.jtorleonstudios.libraryferret.LibraryFerret/]: Structure placement for `awesomedungeonocean:ocean_the_column_temple/start_pool`: { spacing: 50, separation: 25, salt: 15482856, useValueFromConfiguration: true}
[02Jan2026 21:14:59.117] [main/INFO] [com.jtorleonstudios.libraryferret.LibraryFerret/]: Structure placement for `awesomedungeonocean:ocean_warn_temple/start_pool`: { spacing: 50, separation: 25, salt: 45482856, useValueFromConfiguration: true}
[02Jan2026 21:14:59.122] [main/INFO] [com.jtorleonstudios.libraryferret.LibraryFerret/]: Structure placement for `awesomedungeon:swamp_big_temple/start_pool`: { spacing: 50, separation: 25, salt: 1594763280, useValueFromConfiguration: true}
[02Jan2026 21:14:59.123] [main/INFO] [com.jtorleonstudios.libraryferret.LibraryFerret/]: Structure placement for `awesomedungeon:the_usine/start_pool`: { spacing: 50, separation: 25, salt: 1694767078, useValueFromConfiguration: true}
[02Jan2026 21:14:59.124] [main/INFO] [com.jtorleonstudios.libraryferret.LibraryFerret/]: Structure placement for `awesomedungeon:t_z_tower/start_pool`: { spacing: 50, separation: 25, salt: 1794767078, useValueFromConfiguration: true}
[02Jan2026 21:14:59.125] [main/INFO] [com.jtorleonstudios.libraryferret.LibraryFerret/]: Structure placement for `awesomedungeon:witch_castle/start_pool`: { spacing: 50, separation: 25, salt: 1894776078, useValueFromConfiguration: true}
[02Jan2026 21:14:59.556] [main/INFO] [org.betterx.worlds.together.util.Logger/]: [bclib] Updating Pickers for BCLib - The End  BiomeSource (31ed9d4e)
[02Jan2026 21:14:59.559] [main/INFO] [org.betterx.worlds.together.util.Logger/]: [bclib] Unable to build Biome List yet
[02Jan2026 21:14:59.560] [main/INFO] [org.betterx.worlds.together.util.Logger/]: [bclib] No Void Biomes found. Disabling by using barrens
[02Jan2026 21:14:59.560] [main/INFO] [org.betterx.worlds.together.util.Logger/]: [bclib] No Barrens Biomes found. Disabling by using land Biomes
[02Jan2026 21:14:59.560] [main/WARN] [org.betterx.worlds.together.util.Logger/]: [bclib] No Center Island Biomes found. Forcing use of vanilla center.
[02Jan2026 21:14:59.570] [main/INFO] [org.betterx.worlds.together.util.Logger/]: [bclib] Make sure features are loaded from terrablender:org.betterx.bclib.api.v2.generator.BCLibEndBiomeSource
[02Jan2026 21:14:59.571] [main/INFO] [org.betterx.worlds.together.util.Logger/]: [bclib] Updating Pickers for BCLib - Nether BiomeSource (691e2724)
[02Jan2026 21:14:59.571] [main/INFO] [org.betterx.worlds.together.util.Logger/]: [bclib] Unable to build Biome List yet
[02Jan2026 21:14:59.575] [main/INFO] [org.betterx.worlds.together.util.Logger/]: [bclib] Make sure features are loaded from terrablender:org.betterx.bclib.api.v2.generator.BCLibNetherBiomeSource
[02Jan2026 21:14:59.581] [main/INFO] [org.betterx.worlds.together.util.Logger/]: [bclib] Updating Pickers for BCLib - The End  BiomeSource (734e1aec)
[02Jan2026 21:14:59.581] [main/INFO] [org.betterx.worlds.together.util.Logger/]: [bclib] Unable to build Biome List yet
[02Jan2026 21:14:59.582] [main/INFO] [org.betterx.worlds.together.util.Logger/]: [bclib] No Void Biomes found. Disabling by using barrens
[02Jan2026 21:14:59.582] [main/INFO] [org.betterx.worlds.together.util.Logger/]: [bclib] No Barrens Biomes found. Disabling by using land Biomes
[02Jan2026 21:14:59.582] [main/WARN] [org.betterx.worlds.together.util.Logger/]: [bclib] No Center Island Biomes found. Forcing use of vanilla center.
[02Jan2026 21:14:59.582] [main/INFO] [org.betterx.worlds.together.util.Logger/]: [bclib] Make sure features are loaded from terrablender:org.betterx.bclib.api.v2.generator.BCLibEndBiomeSource
[02Jan2026 21:14:59.582] [main/INFO] [org.betterx.worlds.together.util.Logger/]: [bclib] Updating Pickers for BCLib - Nether BiomeSource (6665681)
[02Jan2026 21:14:59.583] [main/INFO] [org.betterx.worlds.together.util.Logger/]: [bclib] Unable to build Biome List yet
[02Jan2026 21:14:59.583] [main/INFO] [org.betterx.worlds.together.util.Logger/]: [bclib] Make sure features are loaded from terrablender:org.betterx.bclib.api.v2.generator.BCLibNetherBiomeSource
[02Jan2026 21:14:59.584] [main/INFO] [org.betterx.worlds.together.util.Logger/]: [bclib] Updating Pickers for BCLib - The End  BiomeSource (408b5089)
[02Jan2026 21:14:59.584] [main/INFO] [org.betterx.worlds.together.util.Logger/]: [bclib] Unable to build Biome List yet
[02Jan2026 21:14:59.584] [main/INFO] [org.betterx.worlds.together.util.Logger/]: [bclib] No Void Biomes found. Disabling by using barrens
[02Jan2026 21:14:59.584] [main/INFO] [org.betterx.worlds.together.util.Logger/]: [bclib] No Barrens Biomes found. Disabling by using land Biomes
[02Jan2026 21:14:59.584] [main/WARN] [org.betterx.worlds.together.util.Logger/]: [bclib] No Center Island Biomes found. Forcing use of vanilla center.
[02Jan2026 21:14:59.586] [main/INFO] [org.betterx.worlds.together.util.Logger/]: [bclib] Make sure features are loaded from terrablender:org.betterx.bclib.api.v2.generator.BCLibEndBiomeSource
[02Jan2026 21:14:59.586] [main/INFO] [org.betterx.worlds.together.util.Logger/]: [bclib] Updating Pickers for BCLib - Nether BiomeSource (14886d80)
[02Jan2026 21:14:59.586] [main/INFO] [org.betterx.worlds.together.util.Logger/]: [bclib] Unable to build Biome List yet
[02Jan2026 21:14:59.587] [main/INFO] [org.betterx.worlds.together.util.Logger/]: [bclib] Make sure features are loaded from terrablender:org.betterx.bclib.api.v2.generator.BCLibNetherBiomeSource
[02Jan2026 21:14:59.587] [main/INFO] [org.betterx.worlds.together.util.Logger/]: [bclib] Updating Pickers for BCLib - The End  BiomeSource (6ffa04c1)
[02Jan2026 21:14:59.588] [main/INFO] [org.betterx.worlds.together.util.Logger/]: [bclib] Unable to build Biome List yet
[02Jan2026 21:14:59.588] [main/INFO] [org.betterx.worlds.together.util.Logger/]: [bclib] No Void Biomes found. Disabling by using barrens
[02Jan2026 21:14:59.588] [main/INFO] [org.betterx.worlds.together.util.Logger/]: [bclib] No Barrens Biomes found. Disabling by using land Biomes
[02Jan2026 21:14:59.588] [main/WARN] [org.betterx.worlds.together.util.Logger/]: [bclib] No Center Island Biomes found. Forcing use of vanilla center.
[02Jan2026 21:14:59.588] [main/INFO] [org.betterx.worlds.together.util.Logger/]: [bclib] Make sure features are loaded from terrablender:org.betterx.bclib.api.v2.generator.BCLibEndBiomeSource
[02Jan2026 21:14:59.588] [main/INFO] [org.betterx.worlds.together.util.Logger/]: [bclib] Updating Pickers for BCLib - Nether BiomeSource (41cab98)
[02Jan2026 21:14:59.589] [main/INFO] [org.betterx.worlds.together.util.Logger/]: [bclib] Unable to build Biome List yet
[02Jan2026 21:14:59.589] [main/INFO] [org.betterx.worlds.together.util.Logger/]: [bclib] Make sure features are loaded from terrablender:org.betterx.bclib.api.v2.generator.BCLibNetherBiomeSource
[02Jan2026 21:14:59.848] [main/INFO] [net.minecraft.resources.RegistryDataLoader/]: Using path as content location for registry worlds_together:worldgen/betterx/surface_rules
[02Jan2026 21:15:00.046] [main/INFO] [org.betterx.worlds.together.util.Logger/]: [betternether] Freeze Registry[ResourceKey[minecraft:root / worlds_together:worldgen/betterx/surface_rules] (Stable)]
[02Jan2026 21:15:00.047] [main/INFO] [org.betterx.worlds.together.util.Logger/]: [betternether] Freeze Registry[ResourceKey[minecraft:root / worlds_together:worldgen/betterx/surface_rules] (Stable)]
[02Jan2026 21:15:00.050] [main/INFO] [org.betterx.worlds.together.util.Logger/]: [betternether] Freeze Registry[ResourceKey[minecraft:root / worlds_together:worldgen/betterx/surface_rules] (Stable)]
[02Jan2026 21:15:00.053] [main/INFO] [org.betterx.worlds.together.util.Logger/]: [betternether] Freeze Registry[ResourceKey[minecraft:root / worlds_together:worldgen/betterx/surface_rules] (Stable)]
[02Jan2026 21:15:00.054] [main/WARN] [org.betterx.worlds.together.util.Logger/]: [bclib] No valid Biome Registry available!
[02Jan2026 21:15:00.055] [main/WARN] [org.betterx.worlds.together.util.Logger/]: [bclib] No valid BCLBiome Registry available!
[02Jan2026 21:15:00.107] [main/INFO] [org.betterx.worlds.together.util.Logger/]: [bclib] Updating Pickers for BCLib - Nether BiomeSource (1a84d260)
[02Jan2026 21:15:00.108] [main/INFO] [org.betterx.worlds.together.util.Logger/]: [bclib] Unable to build Biome List yet
[02Jan2026 21:15:00.108] [main/INFO] [org.betterx.worlds.together.util.Logger/]: [bclib] Make sure features are loaded from terrablender:org.betterx.bclib.api.v2.generator.BCLibNetherBiomeSource
[02Jan2026 21:15:00.112] [main/INFO] [org.betterx.worlds.together.util.Logger/]: [bclib] Updating Pickers for BCLib - The End  BiomeSource (3ffc027e)
[02Jan2026 21:15:00.112] [main/INFO] [org.betterx.worlds.together.util.Logger/]: [bclib] Unable to build Biome List yet
[02Jan2026 21:15:00.112] [main/INFO] [org.betterx.worlds.together.util.Logger/]: [bclib] No Void Biomes found. Disabling by using barrens
[02Jan2026 21:15:00.112] [main/INFO] [org.betterx.worlds.together.util.Logger/]: [bclib] No Barrens Biomes found. Disabling by using land Biomes
[02Jan2026 21:15:00.112] [main/WARN] [org.betterx.worlds.together.util.Logger/]: [bclib] No Center Island Biomes found. Forcing use of vanilla center.
[02Jan2026 21:15:00.113] [main/INFO] [org.betterx.worlds.together.util.Logger/]: [bclib] Make sure features are loaded from terrablender:org.betterx.bclib.api.v2.generator.BCLibEndBiomeSource
[02Jan2026 21:15:00.189] [main/INFO] [org.betterx.worlds.together.util.Logger/]: [betternether] Freeze Registry[ResourceKey[minecraft:root / worlds_together:worldgen/betterx/surface_rules] (Stable)]
[02Jan2026 21:15:00.190] [main/INFO] [org.betterx.worlds.together.util.Logger/]: [betternether] Freeze Registry[ResourceKey[minecraft:root / worlds_together:worldgen/betterx/surface_rules] (Stable)]
[02Jan2026 21:15:00.695] [main/INFO] [com.github.alexthe666.alexsmobs.AlexsMobs/]: Adding datapack listener capsid_recipes
[02Jan2026 21:15:01.078] [Worker-Main-3/ERROR] [net.minecraft.tags.TagLoader/]: Couldn't load tag minecraft:raiders as it is missing following references: illager_additions:samurai (from illager_additions-1.20.1-0.0.5-alpha.jar)
[02Jan2026 21:15:01.079] [Worker-Main-3/ERROR] [net.minecraft.tags.TagLoader/]: Couldn't load tag tombstone:increase_alignment as it is missing following references: #minecraft:raiders (from tombstone-1.20.1-9.0.9.jar)
[02Jan2026 21:15:01.080] [Worker-Main-3/ERROR] [net.minecraft.tags.TagLoader/]: Couldn't load tag illager_additions:mod_illager as it is missing following references: illager_additions:samurai (from illager_additions-1.20.1-0.0.5-alpha.jar)
[02Jan2026 21:15:01.124] [Worker-Main-2/ERROR] [net.minecraft.tags.TagLoader/]: Couldn't load tag ctov:wares/cardboard_box as it is missing following references: wares:cardboard_box (from [forge]ctov-3.4.14.jar)
[02Jan2026 21:15:01.143] [Worker-Main-2/ERROR] [net.minecraft.tags.TagLoader/]: Couldn't load tag ctov:wares/sealed_delivery_agreement as it is missing following references: wares:sealed_delivery_agreement (from [forge]ctov-3.4.14.jar)
[02Jan2026 21:15:01.425] [Worker-Main-1/ERROR] [net.minecraft.server.packs.resources.SimpleJsonResourceReloadListener/]: Couldn't parse data file immersive_aircraft:airship from immersive_aircraft:recipes/airship.json
com.google.gson.JsonParseException: java.io.EOFException: End of input at line 1 column 1 path $
	at net.minecraft.util.GsonHelper.m_13780_(GsonHelper.java:526) ~[server-1.20.1-20230612.114412-srg.jar%23403!/:?]
	at net.minecraft.util.GsonHelper.m_263475_(GsonHelper.java:531) ~[server-1.20.1-20230612.114412-srg.jar%23403!/:?]
	at net.minecraft.util.GsonHelper.m_13776_(GsonHelper.java:581) ~[server-1.20.1-20230612.114412-srg.jar%23403!/:?]
	at net.minecraft.server.packs.resources.SimpleJsonResourceReloadListener.m_278771_(SimpleJsonResourceReloadListener.java:41) ~[server-1.20.1-20230612.114412-srg.jar%23403!/:?]
	at net.minecraft.server.packs.resources.SimpleJsonResourceReloadListener.m_5944_(SimpleJsonResourceReloadListener.java:29) ~[server-1.20.1-20230612.114412-srg.jar%23403!/:?]
	at net.minecraft.server.packs.resources.SimpleJsonResourceReloadListener.m_5944_(SimpleJsonResourceReloadListener.java:17) ~[server-1.20.1-20230612.114412-srg.jar%23403!/:?]
	at net.minecraft.server.packs.resources.SimplePreparableReloadListener.m_10786_(SimplePreparableReloadListener.java:11) ~[server-1.20.1-20230612.114412-srg.jar%23403!/:?]
	at java.util.concurrent.CompletableFuture$AsyncSupply.run(CompletableFuture.java:1768) ~[?:?]
	at java.util.concurrent.CompletableFuture$AsyncSupply.exec(CompletableFuture.java:1760) ~[?:?]
	at java.util.concurrent.ForkJoinTask.doExec(ForkJoinTask.java:373) ~[?:?]
	at java.util.concurrent.ForkJoinPool$WorkQueue.topLevelExec(ForkJoinPool.java:1182) ~[?:?]
	at java.util.concurrent.ForkJoinPool.scan(ForkJoinPool.java:1655) ~[?:?]
	at java.util.concurrent.ForkJoinPool.runWorker(ForkJoinPool.java:1622) ~[?:?]
	at java.util.concurrent.ForkJoinWorkerThread.run(ForkJoinWorkerThread.java:165) ~[?:?]
Caused by: java.io.EOFException: End of input at line 1 column 1 path $
	at com.google.gson.stream.JsonReader.nextNonWhitespace(JsonReader.java:1455) ~[gson-2.10.jar%2372!/:?]
	at com.google.gson.stream.JsonReader.doPeek(JsonReader.java:558) ~[gson-2.10.jar%2372!/:?]
	at com.google.gson.stream.JsonReader.peek(JsonReader.java:433) ~[gson-2.10.jar%2372!/:?]
	at com.google.gson.internal.bind.TypeAdapters$28.read(TypeAdapters.java:769) ~[gson-2.10.jar%2372!/:?]
	at com.google.gson.internal.bind.TypeAdapters$28.read(TypeAdapters.java:725) ~[gson-2.10.jar%2372!/:?]
	at com.google.gson.internal.bind.TypeAdapters$34$1.read(TypeAdapters.java:1007) ~[gson-2.10.jar%2372!/:?]
	at net.minecraft.util.GsonHelper.m_13780_(GsonHelper.java:524) ~[server-1.20.1-20230612.114412-srg.jar%23403!/:?]
	... 13 more
[02Jan2026 21:15:01.446] [Worker-Main-1/ERROR] [net.minecraft.server.packs.resources.SimpleJsonResourceReloadListener/]: Couldn't parse data file immersive_aircraft:biplane from immersive_aircraft:recipes/biplane.json
com.google.gson.JsonParseException: java.io.EOFException: End of input at line 1 column 1 path $
	at net.minecraft.util.GsonHelper.m_13780_(GsonHelper.java:526) ~[server-1.20.1-20230612.114412-srg.jar%23403!/:?]
	at net.minecraft.util.GsonHelper.m_263475_(GsonHelper.java:531) ~[server-1.20.1-20230612.114412-srg.jar%23403!/:?]
	at net.minecraft.util.GsonHelper.m_13776_(GsonHelper.java:581) ~[server-1.20.1-20230612.114412-srg.jar%23403!/:?]
	at net.minecraft.server.packs.resources.SimpleJsonResourceReloadListener.m_278771_(SimpleJsonResourceReloadListener.java:41) ~[server-1.20.1-20230612.114412-srg.jar%23403!/:?]
	at net.minecraft.server.packs.resources.SimpleJsonResourceReloadListener.m_5944_(SimpleJsonResourceReloadListener.java:29) ~[server-1.20.1-20230612.114412-srg.jar%23403!/:?]
	at net.minecraft.server.packs.resources.SimpleJsonResourceReloadListener.m_5944_(SimpleJsonResourceReloadListener.java:17) ~[server-1.20.1-20230612.114412-srg.jar%23403!/:?]
	at net.minecraft.server.packs.resources.SimplePreparableReloadListener.m_10786_(SimplePreparableReloadListener.java:11) ~[server-1.20.1-20230612.114412-srg.jar%23403!/:?]
	at java.util.concurrent.CompletableFuture$AsyncSupply.run(CompletableFuture.java:1768) ~[?:?]
	at java.util.concurrent.CompletableFuture$AsyncSupply.exec(CompletableFuture.java:1760) ~[?:?]
	at java.util.concurrent.ForkJoinTask.doExec(ForkJoinTask.java:373) ~[?:?]
	at java.util.concurrent.ForkJoinPool$WorkQueue.topLevelExec(ForkJoinPool.java:1182) ~[?:?]
	at java.util.concurrent.ForkJoinPool.scan(ForkJoinPool.java:1655) ~[?:?]
	at java.util.concurrent.ForkJoinPool.runWorker(ForkJoinPool.java:1622) ~[?:?]
	at java.util.concurrent.ForkJoinWorkerThread.run(ForkJoinWorkerThread.java:165) ~[?:?]
Caused by: java.io.EOFException: End of input at line 1 column 1 path $
	at com.google.gson.stream.JsonReader.nextNonWhitespace(JsonReader.java:1455) ~[gson-2.10.jar%2372!/:?]
	at com.google.gson.stream.JsonReader.doPeek(JsonReader.java:558) ~[gson-2.10.jar%2372!/:?]
	at com.google.gson.stream.JsonReader.peek(JsonReader.java:433) ~[gson-2.10.jar%2372!/:?]
	at com.google.gson.internal.bind.TypeAdapters$28.read(TypeAdapters.java:769) ~[gson-2.10.jar%2372!/:?]
	at com.google.gson.internal.bind.TypeAdapters$28.read(TypeAdapters.java:725) ~[gson-2.10.jar%2372!/:?]
	at com.google.gson.internal.bind.TypeAdapters$34$1.read(TypeAdapters.java:1007) ~[gson-2.10.jar%2372!/:?]
	at net.minecraft.util.GsonHelper.m_13780_(GsonHelper.java:524) ~[server-1.20.1-20230612.114412-srg.jar%23403!/:?]
	... 13 more
[02Jan2026 21:15:02.126] [Worker-Main-1/INFO] [Mantle/]: Loaded 17 loot table injectors injecting into 15 tables in 20.733213 ms
[02Jan2026 21:15:02.403] [main/WARN] [net.minecraft.world.level.storage.loot.LootDataManager/]: Found loot table element validation problem in {loot_tables:alexsmobs:gameplay/seal_reward}.pools[0].entries[0]->{minecraft:gameplay/fishing/junk}.pools[1].condition[1]: Parameters [<parameter minecraft:origin>] are not provided in this context
[02Jan2026 21:15:02.608] [main/ERROR] [org.betterx.worlds.together.util.Logger/]: [bclib] ERROR building loot table: 'void net.minecraft.world.level.storage.loot.LootPool.<init>(net.minecraft.world.level.storage.loot.entries.LootPoolEntryContainer[], net.minecraft.world.level.storage.loot.predicates.LootItemCondition[], net.minecraft.world.level.storage.loot.functions.LootItemFunction[], net.minecraft.world.level.storage.loot.providers.number.NumberProvider, net.minecraft.world.level.storage.loot.providers.number.NumberProvider)'
[02Jan2026 21:15:02.608] [main/ERROR] [org.betterx.worlds.together.util.Logger/]: [betternether] Unable to building bartering table
[02Jan2026 21:15:02.667] [main/INFO] [org.betterx.worlds.together.util.Logger/]: [bclib] Disabling Recipe: bclib:test_star
[02Jan2026 21:15:02.854] [main/INFO] [net.minecraft.world.item.crafting.RecipeManager/]: Skipping loading recipe twilightforest:jeed/frosted as it's serializer returned null
[02Jan2026 21:15:02.872] [main/INFO] [net.minecraft.world.item.crafting.RecipeManager/]: Skipping loading recipe twilightforest:jeed/hunger as it's serializer returned null
[02Jan2026 21:15:02.951] [main/INFO] [net.minecraft.world.item.crafting.RecipeManager/]: Skipping loading recipe twilightforest:jeed/blindness as it's serializer returned null
[02Jan2026 21:15:02.971] [main/INFO] [net.minecraft.world.item.crafting.RecipeManager/]: Skipping loading recipe twilightforest:jeed/poison as it's serializer returned null
[02Jan2026 21:15:03.047] [main/INFO] [net.minecraft.world.item.crafting.RecipeManager/]: Skipping loading recipe twilightforest:jeed/resistance as it's serializer returned null
[02Jan2026 21:15:03.092] [main/ERROR] [net.minecraft.world.item.crafting.RecipeManager/]: Parsing error loading recipe betterend:guide_book: com.google.gson.JsonSyntaxException: Unknown item 'betterend:guidebook'
[02Jan2026 21:15:03.101] [main/INFO] [net.minecraft.world.item.crafting.RecipeManager/]: Skipping loading recipe twilightforest:jeed/regeneration as it's serializer returned null
[02Jan2026 21:15:03.103] [main/INFO] [net.minecraft.world.item.crafting.RecipeManager/]: Skipping loading recipe twilightforest:jeed/slowness as it's serializer returned null
[02Jan2026 21:15:03.112] [main/INFO] [net.minecraft.world.item.crafting.RecipeManager/]: Skipping loading recipe twilightforest:jeed/fire_resistance as it's serializer returned null
[02Jan2026 21:15:03.118] [main/INFO] [net.minecraft.world.item.crafting.RecipeManager/]: Loaded 48 recipes
[02Jan2026 21:15:03.296] [main/ERROR] [net.minecraft.server.ServerAdvancementManager/]: Parsing error loading custom advancement beautify:progression/candelabra: Expected item to be an item, was unknown string 'beautify:lamp_candleabra'
[02Jan2026 21:15:03.322] [main/INFO] [net.minecraft.advancements.AdvancementList/]: Loaded 6414 advancements
[02Jan2026 21:15:03.340] [main/INFO] [Curios API/]: Loaded 6 curio slots
[02Jan2026 21:15:03.354] [main/INFO] [Curios API/]: Loaded 1 curio entities
[02Jan2026 21:15:03.383] [main/INFO] [slimeknights.mantle.fluid.transfer.FluidContainerTransferManager/]: Loaded 24 dynamic modifiers in 1.152939 ms
[02Jan2026 21:15:03.392] [main/INFO] [twilightforest/]: Loaded 9 Stalactite configs!
[02Jan2026 21:15:03.447] [main/INFO] [slimeknights.tconstruct.library.modifiers.ModifierManager/]: Loaded 131 dynamic modifiers and 0 modifier redirects in 43.918304 ms
[02Jan2026 21:15:03.467] [main/INFO] [slimeknights.tconstruct.library.modifiers.ModifierManager/]: Loaded 39 modifier tags for 138 modifiers in 20.12953 ms
[02Jan2026 21:15:03.467] [main/INFO] [slimeknights.tconstruct.library.modifiers.ModifierManager/]: Loaded 50 enchantment to modifier mappings in 0.668546 ms
[02Jan2026 21:15:03.470] [main/INFO] [tconstruct/]: Loaded 50 spilling fluids in 1.848076 ms
[02Jan2026 21:15:03.482] [main/INFO] [slimeknights.tconstruct.library.materials.definition.MaterialManager/]: Loaded 47 materials in 10.030362 ms
[02Jan2026 21:15:03.501] [main/INFO] [slimeknights.tconstruct.library.materials.definition.MaterialManager/]: Loaded 1 material tags for 19 materials in 18.608604 ms
[02Jan2026 21:15:03.525] [main/INFO] [slimeknights.tconstruct.library.materials.stats.MaterialStatsManager/]: 347 stats loaded for 59 materials in 23.41654 ms
[02Jan2026 21:15:03.546] [main/INFO] [slimeknights.tconstruct.library.materials.traits.MaterialTraitsManager/]: 184 traits loaded for 59 materials in 20.920595 ms
[02Jan2026 21:15:03.558] [main/INFO] [slimeknights.tconstruct.library.tools.definition.ToolDefinitionLoader/]: Loaded 37 tool definitions in 12.00868 ms
[02Jan2026 21:15:03.563] [main/INFO] [slimeknights.tconstruct.library.tools.layout.StationSlotLayoutLoader/]: Loaded 19 station slot layouts in 4.474002 ms
[02Jan2026 21:15:03.664] [main/ERROR] [org.betterx.worlds.together.util.Logger/]: [worlds_together] Error for jar:file:///workspaces/Minecraft-server-1.20.1-VERSION-1.0/servidor_minecraft/mods/awesomedungeonnether-forge-1.20.1-3.1.1.jar: java.nio.file.NoSuchFileException: /fabric.mod.json
[02Jan2026 21:15:03.666] [main/ERROR] [org.betterx.worlds.together.util.Logger/]: [worlds_together] Error for jar:file:///workspaces/Minecraft-server-1.20.1-VERSION-1.0/servidor_minecraft/mods/FarmersDelight-1.20.1-1.2.4.jar: java.nio.file.NoSuchFileException: /fabric.mod.json
[02Jan2026 21:15:03.667] [main/ERROR] [org.betterx.worlds.together.util.Logger/]: [worlds_together] Error for jar:file:///workspaces/Minecraft-server-1.20.1-VERSION-1.0/servidor_minecraft/mods/polylib-forge-2000.0.3-build.143.jar: java.nio.file.NoSuchFileException: /fabric.mod.json
[02Jan2026 21:15:03.667] [main/ERROR] [org.betterx.worlds.together.util.Logger/]: [worlds_together] Error for jar:file:///workspaces/Minecraft-server-1.20.1-VERSION-1.0/servidor_minecraft/mods/Prism-1.20.1-forge-1.0.5.jar: java.nio.file.NoSuchFileException: /fabric.mod.json
[02Jan2026 21:15:03.668] [main/ERROR] [org.betterx.worlds.together.util.Logger/]: [worlds_together] Error for jar:file:///workspaces/Minecraft-server-1.20.1-VERSION-1.0/servidor_minecraft/mods/Oh-The-Trees-Youll-Grow-forge-1.20.1-1.3.0.jar: java.nio.file.NoSuchFileException: /fabric.mod.json
[02Jan2026 21:15:03.669] [main/ERROR] [org.betterx.worlds.together.util.Logger/]: [worlds_together] Error for jar:file:///workspaces/Minecraft-server-1.20.1-VERSION-1.0/servidor_minecraft/mods/Connector-1.0.0-beta.45+1.20.1.jar: java.nio.file.NoSuchFileException: /fabric.mod.json
[02Jan2026 21:15:03.670] [main/ERROR] [org.betterx.worlds.together.util.Logger/]: [worlds_together] Error for jar:file:///workspaces/Minecraft-server-1.20.1-VERSION-1.0/servidor_minecraft/mods/aquamirae-6.API15.jar: java.nio.file.NoSuchFileException: /fabric.mod.json
[02Jan2026 21:15:03.672] [main/ERROR] [org.betterx.worlds.together.util.Logger/]: [worlds_together] Error for jar:file:///workspaces/Minecraft-server-1.20.1-VERSION-1.0/servidor_minecraft/mods/cluttered-2.1-1.20.1.jar: java.nio.file.NoSuchFileException: /fabric.mod.json
[02Jan2026 21:15:03.673] [main/ERROR] [org.betterx.worlds.together.util.Logger/]: [worlds_together] Error for jar:file:///workspaces/Minecraft-server-1.20.1-VERSION-1.0/servidor_minecraft/mods/YungsBetterStrongholds-1.20-Forge-4.0.3.jar: java.nio.file.NoSuchFileException: /fabric.mod.json
[02Jan2026 21:15:03.673] [main/ERROR] [org.betterx.worlds.together.util.Logger/]: [worlds_together] Error for jar:file:///workspaces/Minecraft-server-1.20.1-VERSION-1.0/servidor_minecraft/mods/curiouslanterns-1.20.1-1.3.2.jar: java.nio.file.NoSuchFileException: /fabric.mod.json
[02Jan2026 21:15:03.674] [main/ERROR] [org.betterx.worlds.together.util.Logger/]: [worlds_together] Error for jar:file:///workspaces/Minecraft-server-1.20.1-VERSION-1.0/servidor_minecraft/mods/opf-1.20.1.jar: java.nio.file.NoSuchFileException: /fabric.mod.json
[02Jan2026 21:15:03.674] [main/ERROR] [org.betterx.worlds.together.util.Logger/]: [worlds_together] Error for jar:file:///workspaces/Minecraft-server-1.20.1-VERSION-1.0/servidor_minecraft/mods/appleskin-forge-mc1.20.1-2.5.1.jar: java.nio.file.NoSuchFileException: /fabric.mod.json
[02Jan2026 21:15:03.675] [main/ERROR] [org.betterx.worlds.together.util.Logger/]: [worlds_together] Error for jar:file:///workspaces/Minecraft-server-1.20.1-VERSION-1.0/servidor_minecraft/mods/scuba_gear-1.20.1-1.0.6.jar: java.nio.file.NoSuchFileException: /fabric.mod.json
[02Jan2026 21:15:03.675] [main/ERROR] [org.betterx.worlds.together.util.Logger/]: [worlds_together] Error for jar:file:///workspaces/Minecraft-server-1.20.1-VERSION-1.0/servidor_minecraft/mods/moonlight-1.20-2.11.31-forge.jar: java.nio.file.NoSuchFileException: /fabric.mod.json
[02Jan2026 21:15:03.676] [main/ERROR] [org.betterx.worlds.together.util.Logger/]: [worlds_together] Error for jar:file:///workspaces/Minecraft-server-1.20.1-VERSION-1.0/servidor_minecraft/mods/endrem_forge-5.2.3-R-1.20.X.jar: java.nio.file.NoSuchFileException: /fabric.mod.json
[02Jan2026 21:15:03.676] [main/ERROR] [org.betterx.worlds.together.util.Logger/]: [worlds_together] Error for jar:file:///workspaces/Minecraft-server-1.20.1-VERSION-1.0/servidor_minecraft/mods/TerraBlender-forge-1.20.1-3.0.1.7.jar: java.nio.file.NoSuchFileException: /fabric.mod.json
[02Jan2026 21:15:03.676] [main/ERROR] [org.betterx.worlds.together.util.Logger/]: [worlds_together] Error for jar:file:///workspaces/Minecraft-server-1.20.1-VERSION-1.0/servidor_minecraft/mods/bettermobcombat-forge-1.20.1-1.2.4-all.jar: java.nio.file.NoSuchFileException: /fabric.mod.json
[02Jan2026 21:15:03.677] [main/ERROR] [org.betterx.worlds.together.util.Logger/]: [worlds_together] Error for jar:file:///workspaces/Minecraft-server-1.20.1-VERSION-1.0/servidor_minecraft/mods/Corgilib-Forge-1.20.1-4.0.3.3.jar: java.nio.file.NoSuchFileException: /fabric.mod.json
[02Jan2026 21:15:03.677] [main/ERROR] [org.betterx.worlds.together.util.Logger/]: [worlds_together] Error for jar:file:///workspaces/Minecraft-server-1.20.1-VERSION-1.0/servidor_minecraft/mods/Fallingleaves-1.20-2.1.0-beta.1.jar: java.nio.file.NoSuchFileException: /fabric.mod.json
[02Jan2026 21:15:03.678] [main/ERROR] [org.betterx.worlds.together.util.Logger/]: [worlds_together] Error for jar:file:///workspaces/Minecraft-server-1.20.1-VERSION-1.0/servidor_minecraft/mods/cloth-config-11.1.136-forge.jar: java.nio.file.NoSuchFileException: /fabric.mod.json
[02Jan2026 21:15:03.680] [main/ERROR] [org.betterx.worlds.together.util.Logger/]: [worlds_together] Error for jar:file:///workspaces/Minecraft-server-1.20.1-VERSION-1.0/servidor_minecraft/mods/L_Enders_Cataclysm-2.35-%201.20.1.jar: java.nio.file.NoSuchFileException: /fabric.mod.json
[02Jan2026 21:15:03.681] [main/ERROR] [org.betterx.worlds.together.util.Logger/]: [worlds_together] Error for jar:file:///workspaces/Minecraft-server-1.20.1-VERSION-1.0/servidor_minecraft/mods/open-parties-and-claims-forge-1.20.1-0.23.7.jar: java.nio.file.NoSuchFileException: /fabric.mod.json
[02Jan2026 21:15:03.683] [main/ERROR] [org.betterx.worlds.together.util.Logger/]: [worlds_together] Error for jar:file:///workspaces/Minecraft-server-1.20.1-VERSION-1.0/servidor_minecraft/mods/%5Bforge%5Dctov-3.4.14.jar: java.nio.file.NoSuchFileException: /fabric.mod.json
[02Jan2026 21:15:03.683] [main/ERROR] [org.betterx.worlds.together.util.Logger/]: [worlds_together] Error for jar:file:///workspaces/Minecraft-server-1.20.1-VERSION-1.0/servidor_minecraft/mods/YungsBetterOceanMonuments-1.20-Forge-3.0.4.jar: java.nio.file.NoSuchFileException: /fabric.mod.json
[02Jan2026 21:15:03.683] [main/ERROR] [org.betterx.worlds.together.util.Logger/]: [worlds_together] Error for jar:file:///workspaces/Minecraft-server-1.20.1-VERSION-1.0/servidor_minecraft/mods/Mins%20Enchantments-1.0.0.jar: java.nio.file.NoSuchFileException: /fabric.mod.json
[02Jan2026 21:15:03.684] [main/ERROR] [org.betterx.worlds.together.util.Logger/]: [worlds_together] Error for jar:file:///workspaces/Minecraft-server-1.20.1-VERSION-1.0/servidor_minecraft/mods/bendy-lib-forge-4.0.0.jar: java.nio.file.NoSuchFileException: /fabric.mod.json
[02Jan2026 21:15:03.684] [main/ERROR] [org.betterx.worlds.together.util.Logger/]: [worlds_together] Error for jar:file:///workspaces/Minecraft-server-1.20.1-VERSION-1.0/servidor_minecraft/mods/trade-cycling-forge-1.20.1-1.0.15.jar: java.nio.file.NoSuchFileException: /fabric.mod.json
[02Jan2026 21:15:03.684] [main/ERROR] [org.betterx.worlds.together.util.Logger/]: [worlds_together] Error for jar:file:///workspaces/Minecraft-server-1.20.1-VERSION-1.0/servidor_minecraft/mods/player-animation-lib-forge-1.0.2-rc1+1.20.jar: java.nio.file.NoSuchFileException: /fabric.mod.json
[02Jan2026 21:15:03.685] [main/ERROR] [org.betterx.worlds.together.util.Logger/]: [worlds_together] Error for jar:file:///workspaces/Minecraft-server-1.20.1-VERSION-1.0/servidor_minecraft/mods/YungsBetterJungleTemples-1.20-Forge-2.0.5.jar: java.nio.file.NoSuchFileException: /fabric.mod.json
[02Jan2026 21:15:03.685] [main/ERROR] [org.betterx.worlds.together.util.Logger/]: [worlds_together] Error for jar:file:///workspaces/Minecraft-server-1.20.1-VERSION-1.0/servidor_minecraft/mods/awesomedungeonocean-forge-1.20.1-3.3.0.jar: java.nio.file.NoSuchFileException: /fabric.mod.json
[02Jan2026 21:15:03.686] [main/ERROR] [org.betterx.worlds.together.util.Logger/]: [worlds_together] Error for jar:file:///workspaces/Minecraft-server-1.20.1-VERSION-1.0/servidor_minecraft/mods/jei-1.20.1-forge-15.20.0.105.jar: java.nio.file.NoSuchFileException: /fabric.mod.json
[02Jan2026 21:15:03.688] [main/ERROR] [org.betterx.worlds.together.util.Logger/]: [worlds_together] Error for jar:file:///workspaces/Minecraft-server-1.20.1-VERSION-1.0/servidor_minecraft/mods/alexsmobs-1.22.9.jar: java.nio.file.NoSuchFileException: /fabric.mod.json
[02Jan2026 21:15:03.689] [main/ERROR] [org.betterx.worlds.together.util.Logger/]: [worlds_together] Error for jar:file:///workspaces/Minecraft-server-1.20.1-VERSION-1.0/servidor_minecraft/mods/chisels-and-bits-forge-1.4.148.jar: java.nio.file.NoSuchFileException: /fabric.mod.json
[02Jan2026 21:15:03.691] [main/ERROR] [org.betterx.worlds.together.util.Logger/]: [worlds_together] Error for jar:file:///workspaces/Minecraft-server-1.20.1-VERSION-1.0/servidor_minecraft/mods/%5BForge%5Dctov-3.4.2.jar: java.nio.file.NoSuchFileException: /fabric.mod.json
[02Jan2026 21:15:03.692] [main/ERROR] [org.betterx.worlds.together.util.Logger/]: [worlds_together] Error for jar:file:///workspaces/Minecraft-server-1.20.1-VERSION-1.0/servidor_minecraft/mods/sophisticatedbackpacks-1.20.1-3.22.0.1165.jar: java.nio.file.NoSuchFileException: /fabric.mod.json
[02Jan2026 21:15:03.692] [main/ERROR] [org.betterx.worlds.together.util.Logger/]: [worlds_together] Error for jar:file:///workspaces/Minecraft-server-1.20.1-VERSION-1.0/servidor_minecraft/mods/flib-1.20.1-0.0.14.jar: java.nio.file.NoSuchFileException: /fabric.mod.json
[02Jan2026 21:15:03.692] [main/ERROR] [org.betterx.worlds.together.util.Logger/]: [worlds_together] Unable to parse Version in jar:file:///workspaces/Minecraft-server-1.20.1-VERSION-1.0/servidor_minecraft/mods/armordamagescale-1.20.1-3.1.jar
[02Jan2026 21:15:03.693] [main/ERROR] [org.betterx.worlds.together.util.Logger/]: [worlds_together] Error for jar:file:///workspaces/Minecraft-server-1.20.1-VERSION-1.0/servidor_minecraft/mods/lucent-1.20.1-1.5.5.jar: java.nio.file.NoSuchFileException: /fabric.mod.json
[02Jan2026 21:15:03.693] [main/ERROR] [org.betterx.worlds.together.util.Logger/]: [worlds_together] Error for jar:file:///workspaces/Minecraft-server-1.20.1-VERSION-1.0/servidor_minecraft/mods/2.%20embeddiumplus-1.20.1-v1.2.13.jar: java.nio.file.NoSuchFileException: /fabric.mod.json
[02Jan2026 21:15:03.693] [main/ERROR] [org.betterx.worlds.together.util.Logger/]: [worlds_together] Error for jar:file:///workspaces/Minecraft-server-1.20.1-VERSION-1.0/servidor_minecraft/mods/lionfishapi-2.4-Fix.jar: java.nio.file.NoSuchFileException: /fabric.mod.json
[02Jan2026 21:15:03.694] [main/ERROR] [org.betterx.worlds.together.util.Logger/]: [worlds_together] Error for jar:file:///workspaces/Minecraft-server-1.20.1-VERSION-1.0/servidor_minecraft/mods/radiantgear-forge-2.1.5+1.20.1.jar: java.nio.file.NoSuchFileException: /fabric.mod.json
[02Jan2026 21:15:03.694] [main/ERROR] [org.betterx.worlds.together.util.Logger/]: [worlds_together] Error for jar:file:///workspaces/Minecraft-server-1.20.1-VERSION-1.0/servidor_minecraft/mods/Mantle-1.20.1-1.11.28.jar: java.nio.file.NoSuchFileException: /fabric.mod.json
[02Jan2026 21:15:03.695] [main/ERROR] [org.betterx.worlds.together.util.Logger/]: [worlds_together] Error for jar:file:///workspaces/Minecraft-server-1.20.1-VERSION-1.0/servidor_minecraft/mods/comforts-forge-6.4.0+1.20.1.jar: java.nio.file.NoSuchFileException: /fabric.mod.json
[02Jan2026 21:15:03.695] [main/ERROR] [org.betterx.worlds.together.util.Logger/]: [worlds_together] Error for jar:file:///workspaces/Minecraft-server-1.20.1-VERSION-1.0/servidor_minecraft/mods/architectury-9.2.14-forge.jar: java.nio.file.NoSuchFileException: /fabric.mod.json
[02Jan2026 21:15:03.695] [main/ERROR] [org.betterx.worlds.together.util.Logger/]: [worlds_together] Error for jar:file:///workspaces/Minecraft-server-1.20.1-VERSION-1.0/servidor_minecraft/mods/3.%20entityculling-forge-1.7.2-mc1.20.1.jar: java.nio.file.NoSuchFileException: /fabric.mod.json
[02Jan2026 21:15:03.696] [main/ERROR] [org.betterx.worlds.together.util.Logger/]: [worlds_together] Error for jar:file:///workspaces/Minecraft-server-1.20.1-VERSION-1.0/servidor_minecraft/mods/YungsBetterDesertTemples-1.20-Forge-3.0.3.jar: java.nio.file.NoSuchFileException: /fabric.mod.json
[02Jan2026 21:15:03.696] [main/ERROR] [org.betterx.worlds.together.util.Logger/]: [worlds_together] Error for jar:file:///workspaces/Minecraft-server-1.20.1-VERSION-1.0/servidor_minecraft/mods/Searchables-forge-1.20.1-1.0.3.jar: java.nio.file.NoSuchFileException: /fabric.mod.json
[02Jan2026 21:15:03.697] [main/ERROR] [org.betterx.worlds.together.util.Logger/]: [worlds_together] Error for jar:file:///workspaces/Minecraft-server-1.20.1-VERSION-1.0/servidor_minecraft/mods/tombstone-1.20.1-9.0.9.jar: java.nio.file.NoSuchFileException: /fabric.mod.json
[02Jan2026 21:15:03.698] [main/ERROR] [org.betterx.worlds.together.util.Logger/]: [worlds_together] Error for jar:file:///workspaces/Minecraft-server-1.20.1-VERSION-1.0/servidor_minecraft/mods/CreativeCore_FORGE_v2.12.28_mc1.20.1.jar: java.nio.file.NoSuchFileException: /fabric.mod.json
[02Jan2026 21:15:03.698] [main/ERROR] [org.betterx.worlds.together.util.Logger/]: [worlds_together] Error for jar:file:///workspaces/Minecraft-server-1.20.1-VERSION-1.0/servidor_minecraft/mods/geckolib-forge-1.20.1-4.4.4.jar: java.nio.file.NoSuchFileException: /fabric.mod.json
[02Jan2026 21:15:03.699] [main/ERROR] [org.betterx.worlds.together.util.Logger/]: [worlds_together] Error for jar:file:///workspaces/Minecraft-server-1.20.1-VERSION-1.0/servidor_minecraft/mods/9.%20CullLessLeaves-Reforged-1.20.1-1.0.5.jar: java.nio.file.NoSuchFileException: /fabric.mod.json
[02Jan2026 21:15:03.699] [main/ERROR] [org.betterx.worlds.together.util.Logger/]: [worlds_together] Error for jar:file:///workspaces/Minecraft-server-1.20.1-VERSION-1.0/servidor_minecraft/mods/awesomedungeonend-forge-1.20.1-3.1.1.jar: java.nio.file.NoSuchFileException: /fabric.mod.json
[02Jan2026 21:15:03.699] [main/ERROR] [org.betterx.worlds.together.util.Logger/]: [worlds_together] Error for jar:file:///workspaces/Minecraft-server-1.20.1-VERSION-1.0/servidor_minecraft/mods/4.%20gpumemleakfix-1.20.1-1.8.jar: java.nio.file.NoSuchFileException: /fabric.mod.json
[02Jan2026 21:15:03.700] [main/ERROR] [org.betterx.worlds.together.util.Logger/]: [worlds_together] Error for jar:file:///workspaces/Minecraft-server-1.20.1-VERSION-1.0/servidor_minecraft/mods/PuzzlesLib-v8.1.25-1.20.1-Forge.jar: java.nio.file.NoSuchFileException: /fabric.mod.json
[02Jan2026 21:15:03.700] [main/ERROR] [org.betterx.worlds.together.util.Logger/]: [worlds_together] Error for jar:file:///workspaces/Minecraft-server-1.20.1-VERSION-1.0/servidor_minecraft/mods/sophisticatedcore-1.20.1-1.1.1.832.jar: java.nio.file.NoSuchFileException: /fabric.mod.json
[02Jan2026 21:15:03.703] [main/ERROR] [org.betterx.worlds.together.util.Logger/]: [worlds_together] Error for jar:file:///workspaces/Minecraft-server-1.20.1-VERSION-1.0/servidor_minecraft/mods/alexscaves-2.0.2.jar: java.nio.file.NoSuchFileException: /fabric.mod.json
[02Jan2026 21:15:03.704] [main/ERROR] [org.betterx.worlds.together.util.Logger/]: [worlds_together] Error for jar:file:///workspaces/Minecraft-server-1.20.1-VERSION-1.0/servidor_minecraft/mods/Jade-1.20.1-forge-11.9.2.jar: java.nio.file.NoSuchFileException: /fabric.mod.json
[02Jan2026 21:15:03.704] [main/ERROR] [org.betterx.worlds.together.util.Logger/]: [worlds_together] Error for jar:file:///workspaces/Minecraft-server-1.20.1-VERSION-1.0/servidor_minecraft/mods/YungsBetterEndIsland-1.20-Forge-2.0.6.jar: java.nio.file.NoSuchFileException: /fabric.mod.json
[02Jan2026 21:15:03.705] [main/ERROR] [org.betterx.worlds.together.util.Logger/]: [worlds_together] Error for jar:file:///workspaces/Minecraft-server-1.20.1-VERSION-1.0/servidor_minecraft/mods/astikorcarts-redux-1.20.1-1.1.7.jar: java.nio.file.NoSuchFileException: /fabric.mod.json
[02Jan2026 21:15:03.705] [main/ERROR] [org.betterx.worlds.together.util.Logger/]: [worlds_together] Error for jar:file:///workspaces/Minecraft-server-1.20.1-VERSION-1.0/servidor_minecraft/mods/fabric-api-0.92.2+1.11.8+1.20.1.jar: java.nio.file.NoSuchFileException: /fabric.mod.json
[02Jan2026 21:15:03.705] [main/ERROR] [org.betterx.worlds.together.util.Logger/]: [worlds_together] Error for jar:file:///workspaces/Minecraft-server-1.20.1-VERSION-1.0/servidor_minecraft/mods/7.%20gpumemleakfix-1.20.1-1.8.jar: java.nio.file.NoSuchFileException: /fabric.mod.json
[02Jan2026 21:15:03.708] [main/ERROR] [org.betterx.worlds.together.util.Logger/]: [worlds_together] Error for jar:file:///workspaces/Minecraft-server-1.20.1-VERSION-1.0/servidor_minecraft/mods/accessories-neoforge-1.0.0-beta.42+1.20.1.jar: java.nio.file.NoSuchFileException: /fabric.mod.json
[02Jan2026 21:15:03.709] [main/ERROR] [org.betterx.worlds.together.util.Logger/]: [worlds_together] Error for jar:file:///workspaces/Minecraft-server-1.20.1-VERSION-1.0/servidor_minecraft/mods/YungsBetterMineshafts-1.20-Forge-4.0.4.jar: java.nio.file.NoSuchFileException: /fabric.mod.json
[02Jan2026 21:15:03.710] [main/ERROR] [org.betterx.worlds.together.util.Logger/]: [worlds_together] Error for jar:file:///workspaces/Minecraft-server-1.20.1-VERSION-1.0/servidor_minecraft/mods/YungsBetterNetherFortresses-1.20-Forge-2.0.6.jar: java.nio.file.NoSuchFileException: /fabric.mod.json
[02Jan2026 21:15:03.710] [main/ERROR] [org.betterx.worlds.together.util.Logger/]: [worlds_together] Error for jar:file:///workspaces/Minecraft-server-1.20.1-VERSION-1.0/servidor_minecraft/mods/mobplayeranimator-forge-1.20.1-1.3.2-all.jar: java.nio.file.NoSuchFileException: /fabric.mod.json
[02Jan2026 21:15:03.710] [main/ERROR] [org.betterx.worlds.together.util.Logger/]: [worlds_together] Error for jar:file:///workspaces/Minecraft-server-1.20.1-VERSION-1.0/servidor_minecraft/mods/tickrateapi-1.0.0.jar: java.nio.file.NoSuchFileException: /fabric.mod.json
[02Jan2026 21:15:03.711] [main/ERROR] [org.betterx.worlds.together.util.Logger/]: [worlds_together] Error for jar:file:///workspaces/Minecraft-server-1.20.1-VERSION-1.0/servidor_minecraft/mods/libraryferret-forge-1.20.1-4.0.0.jar: java.nio.file.NoSuchFileException: /fabric.mod.json
[02Jan2026 21:15:03.711] [main/ERROR] [org.betterx.worlds.together.util.Logger/]: [worlds_together] Error for jar:file:///workspaces/Minecraft-server-1.20.1-VERSION-1.0/servidor_minecraft/mods/Shrink-1.20.1-1.4.5.jar: java.nio.file.NoSuchFileException: /fabric.mod.json
[02Jan2026 21:15:03.712] [main/ERROR] [org.betterx.worlds.together.util.Logger/]: [worlds_together] Error for jar:file:///workspaces/Minecraft-server-1.20.1-VERSION-1.0/servidor_minecraft/mods/polymorph-forge-0.49.8+1.20.1.jar: java.nio.file.NoSuchFileException: /fabric.mod.json
[02Jan2026 21:15:03.712] [main/ERROR] [org.betterx.worlds.together.util.Logger/]: [worlds_together] Error for jar:file:///workspaces/Minecraft-server-1.20.1-VERSION-1.0/servidor_minecraft/mods/itemblacklist-1.20.1-1.0.0f.jar: java.nio.file.NoSuchFileException: /fabric.mod.json
[02Jan2026 21:15:03.712] [main/ERROR] [org.betterx.worlds.together.util.Logger/]: [worlds_together] Error for jar:file:///workspaces/Minecraft-server-1.20.1-VERSION-1.0/servidor_minecraft/mods/YungsApi-1.20-Forge-4.0.5.jar: java.nio.file.NoSuchFileException: /fabric.mod.json
[02Jan2026 21:15:03.713] [main/ERROR] [org.betterx.worlds.together.util.Logger/]: [worlds_together] Error for jar:file:///workspaces/Minecraft-server-1.20.1-VERSION-1.0/servidor_minecraft/mods/4.%20ferritecore-6.0.1-forge.jar: java.nio.file.NoSuchFileException: /fabric.mod.json
[02Jan2026 21:15:03.713] [main/ERROR] [org.betterx.worlds.together.util.Logger/]: [worlds_together] Error for jar:file:///workspaces/Minecraft-server-1.20.1-VERSION-1.0/servidor_minecraft/mods/animal_feeding_trough-1.1.0+1.20.1-forge.jar: java.nio.file.NoSuchFileException: /fabric.mod.json
[02Jan2026 21:15:03.714] [main/ERROR] [org.betterx.worlds.together.util.Logger/]: [worlds_together] Error for jar:file:///workspaces/Minecraft-server-1.20.1-VERSION-1.0/servidor_minecraft/mods/citadel-2.6.1-1.20.1.jar: java.nio.file.NoSuchFileException: /fabric.mod.json
[02Jan2026 21:15:03.714] [main/ERROR] [org.betterx.worlds.together.util.Logger/]: [worlds_together] Error for jar:file:///workspaces/Minecraft-server-1.20.1-VERSION-1.0/servidor_minecraft/mods/dummmmmmy-1.20-1.9.0.jar: java.nio.file.NoSuchFileException: /fabric.mod.json
[02Jan2026 21:15:03.715] [main/ERROR] [org.betterx.worlds.together.util.Logger/]: [worlds_together] Error for jar:file:///workspaces/Minecraft-server-1.20.1-VERSION-1.0/servidor_minecraft/mods/dungeons-and-taverns-3.0.3.f%5BForge%5D.jar: java.nio.file.NoSuchFileException: /fabric.mod.json
[02Jan2026 21:15:03.715] [main/ERROR] [org.betterx.worlds.together.util.Logger/]: [worlds_together] Error for jar:file:///workspaces/Minecraft-server-1.20.1-VERSION-1.0/servidor_minecraft/mods/SkyVillages-1.0.4-1.19.2-1.20.1-forge-release.jar: java.nio.file.NoSuchFileException: /fabric.mod.json
[02Jan2026 21:15:03.716] [main/ERROR] [org.betterx.worlds.together.util.Logger/]: [worlds_together] Error for jar:file:///workspaces/Minecraft-server-1.20.1-VERSION-1.0/servidor_minecraft/mods/illager_additions-1.20.1-0.0.5-alpha.jar: java.nio.file.NoSuchFileException: /fabric.mod.json
[02Jan2026 21:15:03.717] [main/ERROR] [org.betterx.worlds.together.util.Logger/]: [worlds_together] Error for jar:file:///workspaces/Minecraft-server-1.20.1-VERSION-1.0/servidor_minecraft/mods/PlayerRevive_FORGE_v2.0.31_mc1.20.1.jar: java.nio.file.NoSuchFileException: /fabric.mod.json
[02Jan2026 21:15:03.718] [main/ERROR] [org.betterx.worlds.together.util.Logger/]: [worlds_together] Error for jar:file:///workspaces/Minecraft-server-1.20.1-VERSION-1.0/servidor_minecraft/mods/FabulousFletchingV1.jar: java.nio.file.NoSuchFileException: /fabric.mod.json
[02Jan2026 21:15:03.718] [main/ERROR] [org.betterx.worlds.together.util.Logger/]: [worlds_together] Error for jar:file:///workspaces/Minecraft-server-1.20.1-VERSION-1.0/servidor_minecraft/mods/EnchantingInfuser-v8.0.3-1.20.1-Forge.jar: java.nio.file.NoSuchFileException: /fabric.mod.json
[02Jan2026 21:15:03.719] [main/ERROR] [org.betterx.worlds.together.util.Logger/]: [worlds_together] Error for jar:file:///workspaces/Minecraft-server-1.20.1-VERSION-1.0/servidor_minecraft/mods/vivecraft-1.20.1-1.3.4-forge.jar: java.nio.file.NoSuchFileException: /fabric.mod.json
[02Jan2026 21:15:03.719] [main/ERROR] [org.betterx.worlds.together.util.Logger/]: [worlds_together] Error for jar:file:///workspaces/Minecraft-server-1.20.1-VERSION-1.0/servidor_minecraft/mods/lithostitched-forge-1.20.1-1.4.11.jar: java.nio.file.NoSuchFileException: /fabric.mod.json
[02Jan2026 21:15:03.720] [main/ERROR] [org.betterx.worlds.together.util.Logger/]: [worlds_together] Error for jar:file:///workspaces/Minecraft-server-1.20.1-VERSION-1.0/servidor_minecraft/mods/bettercombat-forge-1.8.6+1.20.1.jar: java.nio.file.NoSuchFileException: /fabric.mod.json
[02Jan2026 21:15:03.735] [main/ERROR] [org.betterx.worlds.together.util.Logger/]: [worlds_together] Error for jar:file:///workspaces/Minecraft-server-1.20.1-VERSION-1.0/servidor_minecraft/mods/TConstruct-1.20.1-3.9.0.6.jar: java.nio.file.NoSuchFileException: /fabric.mod.json
[02Jan2026 21:15:03.737] [main/ERROR] [org.betterx.worlds.together.util.Logger/]: [worlds_together] Error for jar:file:///workspaces/Minecraft-server-1.20.1-VERSION-1.0/servidor_minecraft/mods/10.%20starlight-1.1.2+forge.1cda73c.jar: java.nio.file.NoSuchFileException: /fabric.mod.json
[02Jan2026 21:15:03.738] [main/ERROR] [org.betterx.worlds.together.util.Logger/]: [worlds_together] Unable to parse Version in jar:file:///workspaces/Minecraft-server-1.20.1-VERSION-1.0/servidor_minecraft/mods/CustomPlayerModels-1.20-0.6.19b.jar
[02Jan2026 21:15:03.738] [main/ERROR] [org.betterx.worlds.together.util.Logger/]: [worlds_together] Error for jar:file:///workspaces/Minecraft-server-1.20.1-VERSION-1.0/servidor_minecraft/mods/StructureCompass-1.20.1-2.0.9.jar: java.nio.file.NoSuchFileException: /fabric.mod.json
[02Jan2026 21:15:03.739] [main/ERROR] [org.betterx.worlds.together.util.Logger/]: [worlds_together] Error for jar:file:///workspaces/Minecraft-server-1.20.1-VERSION-1.0/servidor_minecraft/mods/11.%20Not%20Enough%20Recipe%20Book-FORGE-0.4.1+1.20.1.jar: java.nio.file.NoSuchFileException: /fabric.mod.json
[02Jan2026 21:15:03.739] [main/ERROR] [org.betterx.worlds.together.util.Logger/]: [worlds_together] Error for jar:file:///workspaces/Minecraft-server-1.20.1-VERSION-1.0/servidor_minecraft/mods/entity_model_features_forge_1.20.1-2.4.1.jar: java.nio.file.NoSuchFileException: /fabric.mod.json
[02Jan2026 21:15:03.746] [main/ERROR] [org.betterx.worlds.together.util.Logger/]: [worlds_together] Error for jar:file:///workspaces/Minecraft-server-1.20.1-VERSION-1.0/servidor_minecraft/mods/azurelibarmor-neo-1.20.1-2.0.3.jar: java.nio.file.NoSuchFileException: /fabric.mod.json
[02Jan2026 21:15:03.746] [main/ERROR] [org.betterx.worlds.together.util.Logger/]: [worlds_together] Error for jar:file:///workspaces/Minecraft-server-1.20.1-VERSION-1.0/servidor_minecraft/mods/4.%20modernfix-forge-5.16.1+mc1.20.1.jar: java.nio.file.NoSuchFileException: /fabric.mod.json
[02Jan2026 21:15:03.747] [main/ERROR] [org.betterx.worlds.together.util.Logger/]: [worlds_together] Error for jar:file:///workspaces/Minecraft-server-1.20.1-VERSION-1.0/servidor_minecraft/mods/obscure_api-15.jar: java.nio.file.NoSuchFileException: /fabric.mod.json
[02Jan2026 21:15:03.747] [main/ERROR] [org.betterx.worlds.together.util.Logger/]: [worlds_together] Error for jar:file:///workspaces/Minecraft-server-1.20.1-VERSION-1.0/servidor_minecraft/mods/Iceberg-1.20.1-forge-1.1.21.jar: java.nio.file.NoSuchFileException: /fabric.mod.json
[02Jan2026 21:15:03.748] [main/ERROR] [org.betterx.worlds.together.util.Logger/]: [worlds_together] Error for jar:file:///workspaces/Minecraft-server-1.20.1-VERSION-1.0/servidor_minecraft/mods/toms_storage-1.20-1.6.9.jar: java.nio.file.NoSuchFileException: /fabric.mod.json
[02Jan2026 21:15:03.748] [main/ERROR] [org.betterx.worlds.together.util.Logger/]: [worlds_together] Error for jar:file:///workspaces/Minecraft-server-1.20.1-VERSION-1.0/servidor_minecraft/mods/resourcefulconfig-forge-1.20.1-2.1.2.jar: java.nio.file.NoSuchFileException: /fabric.mod.json
[02Jan2026 21:15:03.748] [main/ERROR] [org.betterx.worlds.together.util.Logger/]: [worlds_together] Error for jar:file:///workspaces/Minecraft-server-1.20.1-VERSION-1.0/servidor_minecraft/mods/LeavesBeGone-v8.0.0-1.20.1-Forge.jar: java.nio.file.NoSuchFileException: /fabric.mod.json
[02Jan2026 21:15:03.749] [main/ERROR] [org.betterx.worlds.together.util.Logger/]: [worlds_together] Error for jar:file:///workspaces/Minecraft-server-1.20.1-VERSION-1.0/servidor_minecraft/mods/emotecraft-for-MC1.20.1-2.2.7-b.build.50-forge.jar: java.nio.file.NoSuchFileException: /fabric.mod.json
[02Jan2026 21:15:03.751] [main/ERROR] [org.betterx.worlds.together.util.Logger/]: [worlds_together] Error for jar:file:///workspaces/Minecraft-server-1.20.1-VERSION-1.0/servidor_minecraft/mods/Oh-The-Biomes-Weve-Gone-Forge-1.5.1.jar: java.nio.file.NoSuchFileException: /fabric.mod.json
[02Jan2026 21:15:03.752] [main/ERROR] [org.betterx.worlds.together.util.Logger/]: [worlds_together] Error for jar:file:///workspaces/Minecraft-server-1.20.1-VERSION-1.0/servidor_minecraft/mods/resourcefullib-forge-1.20.1-2.1.25.jar: java.nio.file.NoSuchFileException: /fabric.mod.json
[02Jan2026 21:15:03.752] [main/ERROR] [org.betterx.worlds.together.util.Logger/]: [worlds_together] Error for jar:file:///workspaces/Minecraft-server-1.20.1-VERSION-1.0/servidor_minecraft/mods/immersive_aircraft-1.0.1+1.20.1-forge.jar: java.nio.file.NoSuchFileException: /fabric.mod.json
[02Jan2026 21:15:03.753] [main/ERROR] [org.betterx.worlds.together.util.Logger/]: [worlds_together] Error for jar:file:///workspaces/Minecraft-server-1.20.1-VERSION-1.0/servidor_minecraft/mods/DungeonsAriseSevenSeas-1.20.x-1.0.2-forge.jar: java.nio.file.NoSuchFileException: /fabric.mod.json
[02Jan2026 21:15:03.753] [main/ERROR] [org.betterx.worlds.together.util.Logger/]: [worlds_together] Error for jar:file:///workspaces/Minecraft-server-1.20.1-VERSION-1.0/servidor_minecraft/mods/balm-forge-1.20.1-7.3.11-all.jar: java.nio.file.NoSuchFileException: /fabric.mod.json
[02Jan2026 21:15:03.754] [main/ERROR] [org.betterx.worlds.together.util.Logger/]: [worlds_together] Error for jar:file:///workspaces/Minecraft-server-1.20.1-VERSION-1.0/servidor_minecraft/mods/1.%20embeddium-0.3.31+mc1.20.1.jar: java.nio.file.NoSuchFileException: /fabric.mod.json
[02Jan2026 21:15:03.755] [main/ERROR] [org.betterx.worlds.together.util.Logger/]: [worlds_together] Error for jar:file:///workspaces/Minecraft-server-1.20.1-VERSION-1.0/servidor_minecraft/mods/Paraglider-forge-20.1.3.jar: java.nio.file.NoSuchFileException: /fabric.mod.json
[02Jan2026 21:15:03.756] [main/ERROR] [org.betterx.worlds.together.util.Logger/]: [worlds_together] Error for jar:file:///workspaces/Minecraft-server-1.20.1-VERSION-1.0/servidor_minecraft/mods/DungeonsArise-1.20.x-2.1.58-release.jar: java.nio.file.NoSuchFileException: /fabric.mod.json
[02Jan2026 21:15:03.756] [main/ERROR] [org.betterx.worlds.together.util.Logger/]: [worlds_together] Error for jar:file:///workspaces/Minecraft-server-1.20.1-VERSION-1.0/servidor_minecraft/mods/eeeabsmobs-1.20.1-0.96.1.jar: java.nio.file.NoSuchFileException: /fabric.mod.json
[02Jan2026 21:15:03.757] [main/ERROR] [org.betterx.worlds.together.util.Logger/]: [worlds_together] Error for jar:file:///workspaces/Minecraft-server-1.20.1-VERSION-1.0/servidor_minecraft/mods/6.%20cupboard-1.20.1-2.6.jar: java.nio.file.NoSuchFileException: /fabric.mod.json
[02Jan2026 21:15:03.757] [main/ERROR] [org.betterx.worlds.together.util.Logger/]: [worlds_together] Error for jar:file:///workspaces/Minecraft-server-1.20.1-VERSION-1.0/servidor_minecraft/mods/5.%20ImmediatelyFast-Forge-1.2.12+1.20.4.jar: java.nio.file.NoSuchFileException: /fabric.mod.json
[02Jan2026 21:15:03.757] [main/ERROR] [org.betterx.worlds.together.util.Logger/]: [worlds_together] Error for jar:file:///workspaces/Minecraft-server-1.20.1-VERSION-1.0/servidor_minecraft/mods/Xaeros_Minimap_24.7.1_Forge_1.20.jar: java.nio.file.NoSuchFileException: /fabric.mod.json
[02Jan2026 21:15:03.758] [main/ERROR] [org.betterx.worlds.together.util.Logger/]: [worlds_together] Error for jar:file:///workspaces/Minecraft-server-1.20.1-VERSION-1.0/servidor_minecraft/mods/entity_texture_features_forge_1.20.1-6.2.9.jar: java.nio.file.NoSuchFileException: /fabric.mod.json
[02Jan2026 21:15:03.758] [main/ERROR] [org.betterx.worlds.together.util.Logger/]: [worlds_together] Error for jar:file:///workspaces/Minecraft-server-1.20.1-VERSION-1.0/servidor_minecraft/mods/OctoLib-FORGE-0.4.2+1.20.1.jar: java.nio.file.NoSuchFileException: /fabric.mod.json
[02Jan2026 21:15:03.759] [main/ERROR] [org.betterx.worlds.together.util.Logger/]: [worlds_together] Error for jar:file:///workspaces/Minecraft-server-1.20.1-VERSION-1.0/servidor_minecraft/mods/beautify-2.0.2.jar: java.nio.file.NoSuchFileException: /fabric.mod.json
[02Jan2026 21:15:03.759] [main/ERROR] [org.betterx.worlds.together.util.Logger/]: [worlds_together] Error for jar:file:///workspaces/Minecraft-server-1.20.1-VERSION-1.0/servidor_minecraft/mods/species-1.20.1-2.2-forge.jar: java.nio.file.NoSuchFileException: /fabric.mod.json
[02Jan2026 21:15:03.760] [main/ERROR] [org.betterx.worlds.together.util.Logger/]: [worlds_together] Error for jar:file:///workspaces/Minecraft-server-1.20.1-VERSION-1.0/servidor_minecraft/mods/XaerosWorldMap_1.39.2_Forge_1.20.jar: java.nio.file.NoSuchFileException: /fabric.mod.json
[02Jan2026 21:15:03.761] [main/ERROR] [org.betterx.worlds.together.util.Logger/]: [worlds_together] Error for jar:file:///workspaces/Minecraft-server-1.20.1-VERSION-1.0/servidor_minecraft/mods/another_furniture-forge-1.20.1-3.0.1.jar: java.nio.file.NoSuchFileException: /fabric.mod.json
[02Jan2026 21:15:03.762] [main/ERROR] [org.betterx.worlds.together.util.Logger/]: [worlds_together] Error for jar:file:///workspaces/Minecraft-server-1.20.1-VERSION-1.0/servidor_minecraft/mods/awesomedungeon-forge-1.20.1-3.2.0.jar: java.nio.file.NoSuchFileException: /fabric.mod.json
[02Jan2026 21:15:03.762] [main/ERROR] [org.betterx.worlds.together.util.Logger/]: [worlds_together] Error for jar:file:///workspaces/Minecraft-server-1.20.1-VERSION-1.0/servidor_minecraft/mods/better_weaponry-1.1.3-forge-1.20.1.jar: java.nio.file.NoSuchFileException: /fabric.mod.json
[02Jan2026 21:15:03.763] [main/ERROR] [org.betterx.worlds.together.util.Logger/]: [worlds_together] Error for jar:file:///workspaces/Minecraft-server-1.20.1-VERSION-1.0/servidor_minecraft/mods/accessories_cclayer-7.4.0-beta.18+1.20.1.jar: java.nio.file.NoSuchFileException: /fabric.mod.json
[02Jan2026 21:15:03.767] [main/ERROR] [org.betterx.worlds.together.util.Logger/]: [worlds_together] Error for jar:file:///workspaces/Minecraft-server-1.20.1-VERSION-1.0/servidor_minecraft/mods/create-1.20.1-0.5.1.f.jar: java.nio.file.NoSuchFileException: /fabric.mod.json
[02Jan2026 21:15:03.767] [main/ERROR] [org.betterx.worlds.together.util.Logger/]: [worlds_together] Error for jar:file:///workspaces/Minecraft-server-1.20.1-VERSION-1.0/servidor_minecraft/mods/Chunky-1.3.146.jar: java.nio.file.NoSuchFileException: /fabric.mod.json
[02Jan2026 21:15:03.771] [main/ERROR] [org.betterx.worlds.together.util.Logger/]: [worlds_together] Error for jar:file:///workspaces/Minecraft-server-1.20.1-VERSION-1.0/servidor_minecraft/mods/twilightforest-1.20.1-4.3.2508-universal.jar: java.nio.file.NoSuchFileException: /fabric.mod.json
[02Jan2026 21:15:03.771] [main/ERROR] [org.betterx.worlds.together.util.Logger/]: [worlds_together] Error for jar:file:///workspaces/Minecraft-server-1.20.1-VERSION-1.0/servidor_minecraft/mods/YungsBridges-1.20-Forge-4.0.3.jar: java.nio.file.NoSuchFileException: /fabric.mod.json
[02Jan2026 21:15:03.771] [main/ERROR] [org.betterx.worlds.together.util.Logger/]: [worlds_together] Error for jar:file:///workspaces/Minecraft-server-1.20.1-VERSION-1.0/servidor_minecraft/mods/ConnectorExtras-1.11.2+1.20.1.jar: java.nio.file.NoSuchFileException: /fabric.mod.json
[02Jan2026 21:15:03.773] [main/INFO] [org.betterx.worlds.together.util.Logger/]: [bclib] Updating Pickers for BCLib - Nether BiomeSource (1a84d260)
[02Jan2026 21:15:03.802] [main/INFO] [org.betterx.worlds.together.util.Logger/]: [bclib] Updating Pickers for BCLib - The End  BiomeSource (3ffc027e)
[02Jan2026 21:15:04.046] [Server thread/INFO] [net.minecraft.server.dedicated.DedicatedServer/]: Starting minecraft server version 1.20.1
[02Jan2026 21:15:04.046] [Server thread/INFO] [net.minecraft.server.dedicated.DedicatedServer/]: Loading properties
[02Jan2026 21:15:04.046] [Server thread/INFO] [net.minecraft.server.dedicated.DedicatedServer/]: Default game type: SURVIVAL
[02Jan2026 21:15:04.046] [Server thread/INFO] [net.minecraft.server.MinecraftServer/]: Generating keypair
[02Jan2026 21:15:04.132] [Server thread/INFO] [net.minecraft.server.dedicated.DedicatedServer/]: Starting Minecraft server on *:25565
[02Jan2026 21:15:04.164] [Server thread/INFO] [net.minecraft.server.network.ServerConnectionListener/]: Using epoll channel type
[02Jan2026 21:15:04.236] [Server thread/WARN] [net.minecraft.server.dedicated.DedicatedServer/]: **** SERVER IS RUNNING IN OFFLINE/INSECURE MODE!
[02Jan2026 21:15:04.236] [Server thread/WARN] [net.minecraft.server.dedicated.DedicatedServer/]: The server will make no attempt to authenticate usernames. Beware.
[02Jan2026 21:15:04.236] [Server thread/WARN] [net.minecraft.server.dedicated.DedicatedServer/]: While this makes the game possible to play without internet access, it also opens up the ability for hackers to connect with any username they choose.
[02Jan2026 21:15:04.236] [Server thread/WARN] [net.minecraft.server.dedicated.DedicatedServer/]: To change this, set "online-mode" to "true" in the server.properties file.
[02Jan2026 21:15:04.249] [Server thread/INFO] [org.betterx.worlds.together.util.Logger/]: [betternether] Freeze Registry[ResourceKey[minecraft:root / worlds_together:worldgen/betterx/surface_rules] (Stable)]
[02Jan2026 21:15:04.256] [Server thread/INFO] [Puzzles Lib/]: Loading server config for leavesbegone
[02Jan2026 21:15:04.262] [Server thread/INFO] [com.tom.storagemod.StorageMod/]: Loaded Tom's Simple Storage config file toms_storage-server.toml
[02Jan2026 21:15:04.265] [Server thread/INFO] [Puzzles Lib/]: Loading server config for enchantinginfuser
[02Jan2026 21:15:04.432] [Server thread/INFO] [xaero.pac.OpenPartiesAndClaims/]: Initializing Open Parties and Claims for the server...
[02Jan2026 21:15:04.446] [Server thread/INFO] [xaero.pac.OpenPartiesAndClaims/]: Loading server info!
[02Jan2026 21:15:04.501] [Server thread/INFO] [xaero.pac.OpenPartiesAndClaims/]: Loading player configs...
[02Jan2026 21:15:04.535] [Server thread/INFO] [xaero.pac.OpenPartiesAndClaims/]: Loaded player configs!
[02Jan2026 21:15:04.535] [Server thread/INFO] [xaero.pac.OpenPartiesAndClaims/]: Loading parties...
[02Jan2026 21:15:04.538] [Server thread/INFO] [xaero.pac.OpenPartiesAndClaims/]: Loaded parties!
[02Jan2026 21:15:04.539] [Server thread/INFO] [xaero.pac.OpenPartiesAndClaims/]: Fixing party inconsistencies...
[02Jan2026 21:15:04.581] [Server thread/INFO] [xaero.pac.OpenPartiesAndClaims/]: Registered party system for OPAC: default
[02Jan2026 21:15:04.582] [Server thread/INFO] [xaero.pac.OpenPartiesAndClaims/]: Registered permission system for OPAC: permission_api
[02Jan2026 21:15:05.005] [Server thread/INFO] [terrablender/]: Initialized TerraBlender biomes for level stem minecraft:overworld
[02Jan2026 21:15:05.011] [Server thread/INFO] [net.minecraft.server.dedicated.DedicatedServer/]: Preparing level "world"
[02Jan2026 21:15:05.024] [Server thread/INFO] [org.betterx.worlds.together.util.Logger/]: [bclib] 
Apply Modifications for minecraft:the_nether
    BCLib - Nether BiomeSource (1a84d260)
        biomes     = 27
        namespaces = betternether(22), minecraft(5)
        seed       = 7961384050545841213
        height     = 128
        config     = BCLibNetherBiomeSourceConfig{mapVersion=hex, useVerticalBiomes=true, amplified=false, biomeSize=256, biomeSizeVertical=86}
[02Jan2026 21:15:05.029] [Server thread/INFO] [org.betterx.worlds.together.util.Logger/]: [bclib] 
Apply Modifications for twilightforest:twilight_forest
    TFBiomeProvider (776beabb)
        biomes     = 21
        namespaces = twilightforest(21)
[02Jan2026 21:15:05.029] [Server thread/INFO] [org.betterx.worlds.together.util.Logger/]: [bclib] 
Apply Modifications for minecraft:the_end
    BCLib - The End  BiomeSource (3ffc027e)
        biomes     = 24
        namespaces = betterend(19), minecraft(5)
        seed       = 7961384050545841213
        height     = 128
        deciders   = 0
        config     = BCLEndBiomeSourceConfig{mapVersion=hex, generatorVersion=vanilla, withVoidBiomes=true, innerVoidRadiusSquared=1048576, voidBiomesSize=256, centerBiomesSize=256, landBiomesSize=256, barrensBiomesSize=256}
[02Jan2026 21:15:05.040] [Server thread/INFO] [org.betterx.worlds.together.util.Logger/]: [bclib] 
Apply Modifications for minecraft:overworld
    MultiNoiseBiomeSource (4fe57dd7)
        biomes     = 111
        namespaces = minecraft(53), terrablender(1), biomeswevegone(51), alexscaves(6)
[02Jan2026 21:15:05.040] [Server thread/INFO] [org.betterx.worlds.together.util.Logger/]: [bclib] World Dimensions: 
 - minecraft:the_nether: 
     BCLib - Chunk Generator (638b7d79) 
     BCLib - Nether BiomeSource (1a84d260)
         biomes     = 27
         namespaces = betternether(22), minecraft(5)
         seed       = 7961384050545841213
         height     = 128
         config     = BCLibNetherBiomeSourceConfig{mapVersion=hex, useVerticalBiomes=true, amplified=false, biomeSize=256, biomeSizeVertical=86}
 - twilightforest:twilight_forest: 
     twilightforest.world.components.chunkgenerators.ChunkGeneratorTwilight@3ce5ea52 
     TFBiomeProvider (776beabb)
         biomes     = 21
         namespaces = twilightforest(21)
 - minecraft:the_end: 
     BCLib - Chunk Generator (520ca460) 
     BCLib - The End  BiomeSource (3ffc027e)
         biomes     = 24
         namespaces = betterend(19), minecraft(5)
         seed       = 7961384050545841213
         height     = 128
         deciders   = 0
         config     = BCLEndBiomeSourceConfig{mapVersion=hex, generatorVersion=vanilla, withVoidBiomes=true, innerVoidRadiusSquared=1048576, voidBiomesSize=256, centerBiomesSize=256, landBiomesSize=256, barrensBiomesSize=256}
 - minecraft:overworld: 
     net.minecraft.world.level.levelgen.NoiseBasedChunkGenerator@34d51c4a 
     MultiNoiseBiomeSource (4fe57dd7)
         biomes     = 111
         namespaces = minecraft(53), terrablender(1), biomeswevegone(51), alexscaves(6)
[02Jan2026 21:15:05.045] [Server thread/INFO] [org.betterx.worlds.together.util.Logger/]: [bclib] Merged 22 additional Surface Rules for 
BCLib - Nether BiomeSource (1a84d260)
    biomes     = 27
    namespaces = betternether(22), minecraft(5)
    seed       = 7961384050545841213
    height     = 128
    config     = BCLibNetherBiomeSourceConfig{mapVersion=hex, useVerticalBiomes=true, amplified=false, biomeSize=256, biomeSizeVertical=86} => 74
[02Jan2026 21:15:05.046] [Server thread/INFO] [org.betterx.worlds.together.util.Logger/]: [bclib] Merged 19 additional Surface Rules for 
BCLib - The End  BiomeSource (3ffc027e)
    biomes     = 24
    namespaces = betterend(19), minecraft(5)
    seed       = 7961384050545841213
    height     = 128
    deciders   = 0
    config     = BCLEndBiomeSourceConfig{mapVersion=hex, generatorVersion=vanilla, withVoidBiomes=true, innerVoidRadiusSquared=1048576, voidBiomesSize=256, centerBiomesSize=256, landBiomesSize=256, barrensBiomesSize=256} => 20
[02Jan2026 21:15:06.439] [Server thread/INFO] [net.minecraft.server.MinecraftServer/]: Preparing start region for dimension minecraft:overworld
[02Jan2026 21:15:07.808] [Server thread/INFO] [net.minecraft.server.level.progress.LoggerChunkProgressListener/]: Preparing spawn area: 0%
[02Jan2026 21:15:07.808] [Server thread/INFO] [net.minecraft.server.level.progress.LoggerChunkProgressListener/]: Preparing spawn area: 0%
[02Jan2026 21:15:07.809] [Server thread/INFO] [net.minecraft.server.level.progress.LoggerChunkProgressListener/]: Preparing spawn area: 0%
[02Jan2026 21:15:07.940] [Worker-Main-1/INFO] [net.minecraft.server.level.progress.LoggerChunkProgressListener/]: Preparing spawn area: 0%
[02Jan2026 21:15:08.440] [Server thread/INFO] [net.minecraft.server.level.progress.LoggerChunkProgressListener/]: Preparing spawn area: 35%
[02Jan2026 21:15:08.940] [Server thread/INFO] [net.minecraft.server.level.progress.LoggerChunkProgressListener/]: Preparing spawn area: 93%
[02Jan2026 21:15:09.024] [Server thread/INFO] [net.minecraft.server.level.progress.LoggerChunkProgressListener/]: Time elapsed: 2584 ms
[02Jan2026 21:15:09.024] [Server thread/INFO] [net.minecraft.server.dedicated.DedicatedServer/]: Done (4.773s)! For help, type "help"
[02Jan2026 21:15:09.115] [Server thread/INFO] [net.minecraftforge.server.permission.PermissionAPI/]: Successfully initialized permission handler forge:default_handler
[02Jan2026 21:15:09.116] [Server thread/INFO] [xaero.pac.OpenPartiesAndClaims/]: Loading claims...
[02Jan2026 21:15:09.119] [Server thread/INFO] [xaero.pac.OpenPartiesAndClaims/]: Loaded claims in 3ms
[02Jan2026 21:15:09.119] [Server thread/WARN] [xaero.pac.OpenPartiesAndClaims/]: The configured permission system "prometheus" isn't registered!
[02Jan2026 21:15:09.119] [Server thread/INFO] [xaero.pac.OpenPartiesAndClaims/]: Configured OPAC to use the following permission system: permission_api
[02Jan2026 21:15:09.119] [Server thread/WARN] [xaero.pac.OpenPartiesAndClaims/]: The configured primary party system "argonauts_guilds" isn't registered!
[02Jan2026 21:15:09.120] [Server thread/INFO] [xaero.pac.OpenPartiesAndClaims/]: Configured OPAC to use the following party system as primary: default
[02Jan2026 21:15:09.263] [Server thread/INFO] [net.bettercombat.logic.WeaponRegistry/]: Encoded Weapon Attribute registry size (with package overhead): 198074 bytes (in 20 string chunks with the size of 10000)
[02Jan2026 21:15:09.298] [Server thread/INFO] [com.cupboard.Cupboard/]: Loaded config for: armordamagescale.json
[02Jan2026 21:15:09.299] [Server thread/WARN] [ModernFix/]: Dedicated server took 66.453 seconds to load
[02Jan2026 21:15:09.609] [Server thread/ERROR] [net.minecraftforge.fml.loading.RuntimeDistCleaner/DISTXFORM]: Attempted to load class net/minecraft/client/renderer/block/model/BlockModel for invalid dist DEDICATED_SERVER
[02Jan2026 21:15:09.610] [Server thread/ERROR] [net.minecraftforge.fml.loading.RuntimeDistCleaner/DISTXFORM]: Attempted to load class net/minecraft/client/renderer/block/model/BlockModel for invalid dist DEDICATED_SERVER
[02Jan2026 21:15:09.611] [Server thread/ERROR] [net.minecraftforge.fml.loading.RuntimeDistCleaner/DISTXFORM]: Attempted to load class net/minecraft/client/renderer/block/model/BlockModel for invalid dist DEDICATED_SERVER
[02Jan2026 21:15:09.612] [Server thread/ERROR] [net.minecraftforge.fml.loading.RuntimeDistCleaner/DISTXFORM]: Attempted to load class net/minecraft/client/renderer/block/model/BlockModel for invalid dist DEDICATED_SERVER
[02Jan2026 21:15:09.612] [Server thread/ERROR] [net.minecraftforge.fml.loading.RuntimeDistCleaner/DISTXFORM]: Attempted to load class net/minecraft/client/renderer/block/model/BlockModel for invalid dist DEDICATED_SERVER
[02Jan2026 21:15:09.616] [Server thread/ERROR] [net.minecraftforge.fml.loading.RuntimeDistCleaner/DISTXFORM]: Attempted to load class net/minecraft/client/renderer/block/model/BlockModel for invalid dist DEDICATED_SERVER
[02Jan2026 21:15:09.617] [Server thread/ERROR] [net.minecraftforge.fml.loading.RuntimeDistCleaner/DISTXFORM]: Attempted to load class net/minecraft/client/renderer/block/model/BlockModel for invalid dist DEDICATED_SERVER
[02Jan2026 21:15:09.618] [Server thread/ERROR] [net.minecraftforge.fml.loading.RuntimeDistCleaner/DISTXFORM]: Attempted to load class net/minecraft/client/renderer/block/model/BlockModel for invalid dist DEDICATED_SERVER
[02Jan2026 21:15:09.619] [Server thread/ERROR] [net.minecraftforge.fml.loading.RuntimeDistCleaner/DISTXFORM]: Attempted to load class net/minecraft/client/renderer/block/model/BlockModel for invalid dist DEDICATED_SERVER
[02Jan2026 21:15:09.620] [Server thread/ERROR] [net.minecraftforge.fml.loading.RuntimeDistCleaner/DISTXFORM]: Attempted to load class net/minecraft/client/renderer/block/model/BlockModel for invalid dist DEDICATED_SERVER
[02Jan2026 21:15:09.621] [Server thread/ERROR] [net.minecraftforge.fml.loading.RuntimeDistCleaner/DISTXFORM]: Attempted to load class net/minecraft/client/renderer/block/model/BlockModel for invalid dist DEDICATED_SERVER
[02Jan2026 21:15:09.621] [Server thread/ERROR] [net.minecraftforge.fml.loading.RuntimeDistCleaner/DISTXFORM]: Attempted to load class net/minecraft/client/renderer/block/model/BlockModel for invalid dist DEDICATED_SERVER
[02Jan2026 21:15:09.622] [Server thread/ERROR] [net.minecraftforge.fml.loading.RuntimeDistCleaner/DISTXFORM]: Attempted to load class net/minecraft/client/renderer/block/model/BlockModel for invalid dist DEDICATED_SERVER
[02Jan2026 21:15:09.623] [Server thread/ERROR] [net.minecraftforge.fml.loading.RuntimeDistCleaner/DISTXFORM]: Attempted to load class net/minecraft/client/renderer/block/model/BlockModel for invalid dist DEDICATED_SERVER
[02Jan2026 21:15:09.628] [Server thread/ERROR] [net.minecraftforge.fml.loading.RuntimeDistCleaner/DISTXFORM]: Attempted to load class net/minecraft/client/renderer/block/model/BlockModel for invalid dist DEDICATED_SERVER
[02Jan2026 21:15:09.628] [Server thread/ERROR] [net.minecraftforge.fml.loading.RuntimeDistCleaner/DISTXFORM]: Attempted to load class net/minecraft/client/renderer/block/model/BlockModel for invalid dist DEDICATED_SERVER
[02Jan2026 21:15:09.629] [Server thread/ERROR] [net.minecraftforge.fml.loading.RuntimeDistCleaner/DISTXFORM]: Attempted to load class net/minecraft/client/renderer/block/model/BlockModel for invalid dist DEDICATED_SERVER
[02Jan2026 21:15:09.630] [Server thread/ERROR] [net.minecraftforge.fml.loading.RuntimeDistCleaner/DISTXFORM]: Attempted to load class net/minecraft/client/renderer/block/model/BlockModel for invalid dist DEDICATED_SERVER
[02Jan2026 21:15:09.631] [Server thread/ERROR] [net.minecraftforge.fml.loading.RuntimeDistCleaner/DISTXFORM]: Attempted to load class net/minecraft/client/renderer/block/model/BlockModel for invalid dist DEDICATED_SERVER
[02Jan2026 21:15:09.638] [Server thread/ERROR] [net.minecraftforge.fml.loading.RuntimeDistCleaner/DISTXFORM]: Attempted to load class net/minecraft/client/renderer/block/model/BlockModel for invalid dist DEDICATED_SERVER
[02Jan2026 21:15:09.639] [Server thread/ERROR] [net.minecraftforge.fml.loading.RuntimeDistCleaner/DISTXFORM]: Attempted to load class net/minecraft/client/renderer/block/model/BlockModel for invalid dist DEDICATED_SERVER
[02Jan2026 21:15:09.640] [Server thread/ERROR] [net.minecraftforge.fml.loading.RuntimeDistCleaner/DISTXFORM]: Attempted to load class net/minecraft/client/renderer/block/model/BlockModel for invalid dist DEDICATED_SERVER
[02Jan2026 21:15:09.640] [Server thread/ERROR] [net.minecraftforge.fml.loading.RuntimeDistCleaner/DISTXFORM]: Attempted to load class net/minecraft/client/renderer/block/model/BlockModel for invalid dist DEDICATED_SERVER
[02Jan2026 21:15:09.646] [Server thread/ERROR] [net.minecraftforge.fml.loading.RuntimeDistCleaner/DISTXFORM]: Attempted to load class net/minecraft/client/renderer/block/model/BlockModel for invalid dist DEDICATED_SERVER
[02Jan2026 21:15:09.647] [Server thread/ERROR] [net.minecraftforge.fml.loading.RuntimeDistCleaner/DISTXFORM]: Attempted to load class net/minecraft/client/renderer/block/model/BlockModel for invalid dist DEDICATED_SERVER
[02Jan2026 21:15:09.648] [Server thread/ERROR] [net.minecraftforge.fml.loading.RuntimeDistCleaner/DISTXFORM]: Attempted to load class net/minecraft/client/renderer/block/model/BlockModel for invalid dist DEDICATED_SERVER
[02Jan2026 21:15:09.649] [Server thread/ERROR] [net.minecraftforge.fml.loading.RuntimeDistCleaner/DISTXFORM]: Attempted to load class net/minecraft/client/renderer/block/model/BlockModel for invalid dist DEDICATED_SERVER
[02Jan2026 21:15:09.649] [Server thread/ERROR] [net.minecraftforge.fml.loading.RuntimeDistCleaner/DISTXFORM]: Attempted to load class net/minecraft/client/renderer/block/model/BlockModel for invalid dist DEDICATED_SERVER
[02Jan2026 21:15:09.652] [Server thread/ERROR] [net.minecraftforge.fml.loading.RuntimeDistCleaner/DISTXFORM]: Attempted to load class net/minecraft/client/renderer/block/model/BlockModel for invalid dist DEDICATED_SERVER
[02Jan2026 21:15:09.653] [Server thread/ERROR] [net.minecraftforge.fml.loading.RuntimeDistCleaner/DISTXFORM]: Attempted to load class net/minecraft/client/renderer/block/model/BlockModel for invalid dist DEDICATED_SERVER
[02Jan2026 21:15:09.653] [Server thread/ERROR] [net.minecraftforge.fml.loading.RuntimeDistCleaner/DISTXFORM]: Attempted to load class net/minecraft/client/renderer/block/model/BlockModel for invalid dist DEDICATED_SERVER
[02Jan2026 21:15:09.654] [Server thread/ERROR] [net.minecraftforge.fml.loading.RuntimeDistCleaner/DISTXFORM]: Attempted to load class net/minecraft/client/renderer/block/model/BlockModel for invalid dist DEDICATED_SERVER
[02Jan2026 21:15:09.656] [Server thread/ERROR] [net.minecraftforge.fml.loading.RuntimeDistCleaner/DISTXFORM]: Attempted to load class net/minecraft/client/renderer/block/model/BlockModel for invalid dist DEDICATED_SERVER
[02Jan2026 21:15:09.657] [Server thread/ERROR] [net.minecraftforge.fml.loading.RuntimeDistCleaner/DISTXFORM]: Attempted to load class net/minecraft/client/renderer/block/model/BlockModel for invalid dist DEDICATED_SERVER
[02Jan2026 21:15:09.657] [Server thread/ERROR] [net.minecraftforge.fml.loading.RuntimeDistCleaner/DISTXFORM]: Attempted to load class net/minecraft/client/renderer/block/model/BlockModel for invalid dist DEDICATED_SERVER
[02Jan2026 21:15:09.658] [Server thread/ERROR] [net.minecraftforge.fml.loading.RuntimeDistCleaner/DISTXFORM]: Attempted to load class net/minecraft/client/renderer/block/model/BlockModel for invalid dist DEDICATED_SERVER
[02Jan2026 21:15:09.658] [Server thread/ERROR] [net.minecraftforge.fml.loading.RuntimeDistCleaner/DISTXFORM]: Attempted to load class net/minecraft/client/renderer/block/model/BlockModel for invalid dist DEDICATED_SERVER
[02Jan2026 21:15:09.661] [Server thread/ERROR] [net.minecraftforge.fml.loading.RuntimeDistCleaner/DISTXFORM]: Attempted to load class net/minecraft/client/renderer/block/model/BlockModel for invalid dist DEDICATED_SERVER
[02Jan2026 21:15:09.662] [Server thread/ERROR] [net.minecraftforge.fml.loading.RuntimeDistCleaner/DISTXFORM]: Attempted to load class net/minecraft/client/renderer/block/model/BlockModel for invalid dist DEDICATED_SERVER
[02Jan2026 21:15:09.662] [Server thread/ERROR] [net.minecraftforge.fml.loading.RuntimeDistCleaner/DISTXFORM]: Attempted to load class net/minecraft/client/renderer/block/model/BlockModel for invalid dist DEDICATED_SERVER
[02Jan2026 21:15:09.663] [Server thread/ERROR] [net.minecraftforge.fml.loading.RuntimeDistCleaner/DISTXFORM]: Attempted to load class net/minecraft/client/renderer/block/model/BlockModel for invalid dist DEDICATED_SERVER
[02Jan2026 21:15:09.673] [Server thread/ERROR] [net.minecraftforge.fml.loading.RuntimeDistCleaner/DISTXFORM]: Attempted to load class net/minecraft/client/renderer/block/model/BlockModel for invalid dist DEDICATED_SERVER
[02Jan2026 21:15:09.674] [Server thread/ERROR] [net.minecraftforge.fml.loading.RuntimeDistCleaner/DISTXFORM]: Attempted to load class net/minecraft/client/renderer/block/model/BlockModel for invalid dist DEDICATED_SERVER
[02Jan2026 21:15:09.675] [Server thread/ERROR] [net.minecraftforge.fml.loading.RuntimeDistCleaner/DISTXFORM]: Attempted to load class net/minecraft/client/renderer/block/model/BlockModel for invalid dist DEDICATED_SERVER
[02Jan2026 21:15:09.675] [Server thread/ERROR] [net.minecraftforge.fml.loading.RuntimeDistCleaner/DISTXFORM]: Attempted to load class net/minecraft/client/renderer/block/model/BlockModel for invalid dist DEDICATED_SERVER
[02Jan2026 21:15:09.676] [Server thread/ERROR] [net.minecraftforge.fml.loading.RuntimeDistCleaner/DISTXFORM]: Attempted to load class net/minecraft/client/renderer/block/model/BlockModel for invalid dist DEDICATED_SERVER
[02Jan2026 21:15:09.687] [Server thread/ERROR] [net.minecraftforge.fml.loading.RuntimeDistCleaner/DISTXFORM]: Attempted to load class net/minecraft/client/renderer/block/model/BlockModel for invalid dist DEDICATED_SERVER
[02Jan2026 21:15:09.688] [Server thread/ERROR] [net.minecraftforge.fml.loading.RuntimeDistCleaner/DISTXFORM]: Attempted to load class net/minecraft/client/renderer/block/model/BlockModel for invalid dist DEDICATED_SERVER
[02Jan2026 21:15:09.688] [Server thread/ERROR] [net.minecraftforge.fml.loading.RuntimeDistCleaner/DISTXFORM]: Attempted to load class net/minecraft/client/renderer/block/model/BlockModel for invalid dist DEDICATED_SERVER
[02Jan2026 21:15:09.689] [Server thread/ERROR] [net.minecraftforge.fml.loading.RuntimeDistCleaner/DISTXFORM]: Attempted to load class net/minecraft/client/renderer/block/model/BlockModel for invalid dist DEDICATED_SERVER
[02Jan2026 21:15:09.690] [Server thread/ERROR] [net.minecraftforge.fml.loading.RuntimeDistCleaner/DISTXFORM]: Attempted to load class net/minecraft/client/renderer/block/model/BlockModel for invalid dist DEDICATED_SERVER
[02Jan2026 21:15:09.691] [Server thread/ERROR] [net.minecraftforge.fml.loading.RuntimeDistCleaner/DISTXFORM]: Attempted to load class net/minecraft/client/renderer/block/model/BlockModel for invalid dist DEDICATED_SERVER
[02Jan2026 21:15:09.691] [Server thread/ERROR] [net.minecraftforge.fml.loading.RuntimeDistCleaner/DISTXFORM]: Attempted to load class net/minecraft/client/renderer/block/model/BlockModel for invalid dist DEDICATED_SERVER
[02Jan2026 21:15:09.692] [Server thread/ERROR] [net.minecraftforge.fml.loading.RuntimeDistCleaner/DISTXFORM]: Attempted to load class net/minecraft/client/renderer/block/model/BlockModel for invalid dist DEDICATED_SERVER
[02Jan2026 21:15:09.692] [Server thread/ERROR] [net.minecraftforge.fml.loading.RuntimeDistCleaner/DISTXFORM]: Attempted to load class net/minecraft/client/renderer/block/model/BlockModel for invalid dist DEDICATED_SERVER
[02Jan2026 21:15:09.697] [Server thread/ERROR] [net.minecraftforge.fml.loading.RuntimeDistCleaner/DISTXFORM]: Attempted to load class net/minecraft/client/renderer/block/model/BlockModel for invalid dist DEDICATED_SERVER
[02Jan2026 21:15:09.697] [Server thread/ERROR] [net.minecraftforge.fml.loading.RuntimeDistCleaner/DISTXFORM]: Attempted to load class net/minecraft/client/renderer/block/model/BlockModel for invalid dist DEDICATED_SERVER
[02Jan2026 21:15:09.698] [Server thread/ERROR] [net.minecraftforge.fml.loading.RuntimeDistCleaner/DISTXFORM]: Attempted to load class net/minecraft/client/renderer/block/model/BlockModel for invalid dist DEDICATED_SERVER
[02Jan2026 21:15:09.699] [Server thread/ERROR] [net.minecraftforge.fml.loading.RuntimeDistCleaner/DISTXFORM]: Attempted to load class net/minecraft/client/renderer/block/model/BlockModel for invalid dist DEDICATED_SERVER
[02Jan2026 21:15:09.701] [Server thread/ERROR] [net.minecraftforge.fml.loading.RuntimeDistCleaner/DISTXFORM]: Attempted to load class net/minecraft/client/renderer/block/model/BlockModel for invalid dist DEDICATED_SERVER
[02Jan2026 21:15:09.701] [Server thread/ERROR] [net.minecraftforge.fml.loading.RuntimeDistCleaner/DISTXFORM]: Attempted to load class net/minecraft/client/renderer/block/model/BlockModel for invalid dist DEDICATED_SERVER
[02Jan2026 21:15:09.702] [Server thread/ERROR] [net.minecraftforge.fml.loading.RuntimeDistCleaner/DISTXFORM]: Attempted to load class net/minecraft/client/renderer/block/model/BlockModel for invalid dist DEDICATED_SERVER
[02Jan2026 21:15:09.703] [Server thread/ERROR] [net.minecraftforge.fml.loading.RuntimeDistCleaner/DISTXFORM]: Attempted to load class net/minecraft/client/renderer/block/model/BlockModel for invalid dist DEDICATED_SERVER
[02Jan2026 21:15:09.703] [Server thread/ERROR] [net.minecraftforge.fml.loading.RuntimeDistCleaner/DISTXFORM]: Attempted to load class net/minecraft/client/renderer/block/model/BlockModel for invalid dist DEDICATED_SERVER
[02Jan2026 21:15:09.708] [Server thread/ERROR] [net.minecraftforge.fml.loading.RuntimeDistCleaner/DISTXFORM]: Attempted to load class net/minecraft/client/renderer/block/model/BlockModel for invalid dist DEDICATED_SERVER
[02Jan2026 21:15:09.708] [Server thread/ERROR] [net.minecraftforge.fml.loading.RuntimeDistCleaner/DISTXFORM]: Attempted to load class net/minecraft/client/renderer/block/model/BlockModel for invalid dist DEDICATED_SERVER
[02Jan2026 21:15:09.709] [Server thread/ERROR] [net.minecraftforge.fml.loading.RuntimeDistCleaner/DISTXFORM]: Attempted to load class net/minecraft/client/renderer/block/model/BlockModel for invalid dist DEDICATED_SERVER
[02Jan2026 21:15:09.710] [Server thread/ERROR] [net.minecraftforge.fml.loading.RuntimeDistCleaner/DISTXFORM]: Attempted to load class net/minecraft/client/renderer/block/model/BlockModel for invalid dist DEDICATED_SERVER
[02Jan2026 21:15:09.710] [Server thread/ERROR] [net.minecraftforge.fml.loading.RuntimeDistCleaner/DISTXFORM]: Attempted to load class net/minecraft/client/renderer/block/model/BlockModel for invalid dist DEDICATED_SERVER
[02Jan2026 21:15:09.714] [Server thread/ERROR] [net.minecraftforge.fml.loading.RuntimeDistCleaner/DISTXFORM]: Attempted to load class net/minecraft/client/renderer/block/model/BlockModel for invalid dist DEDICATED_SERVER
[02Jan2026 21:15:09.715] [Server thread/ERROR] [net.minecraftforge.fml.loading.RuntimeDistCleaner/DISTXFORM]: Attempted to load class net/minecraft/client/renderer/block/model/BlockModel for invalid dist DEDICATED_SERVER
[02Jan2026 21:15:09.715] [Server thread/ERROR] [net.minecraftforge.fml.loading.RuntimeDistCleaner/DISTXFORM]: Attempted to load class net/minecraft/client/renderer/block/model/BlockModel for invalid dist DEDICATED_SERVER
[02Jan2026 21:15:09.716] [Server thread/ERROR] [net.minecraftforge.fml.loading.RuntimeDistCleaner/DISTXFORM]: Attempted to load class net/minecraft/client/renderer/block/model/BlockModel for invalid dist DEDICATED_SERVER
[02Jan2026 21:15:09.717] [Server thread/ERROR] [net.minecraftforge.fml.loading.RuntimeDistCleaner/DISTXFORM]: Attempted to load class net/minecraft/client/renderer/block/model/BlockModel for invalid dist DEDICATED_SERVER
[02Jan2026 21:15:24.920] [Server thread/INFO] [net.minecraft.server.players.PlayerList/]: Bict10[/127.127.49.204:45697] logged in with entity id 934 at (-125.09914189438744, 91.0, 390.6597715932653)
[02Jan2026 21:15:25.038] [Server thread/INFO] [org.betterx.worlds.together.util.Logger/]: [betternether] Freeze Registry[ResourceKey[minecraft:root / worlds_together:worldgen/betterx/surface_rules] (Stable)]
[02Jan2026 21:15:25.085] [Server thread/INFO] [net.minecraft.server.MinecraftServer/]: Bict10 joined the game
[02Jan2026 21:15:25.241] [Server thread/INFO] [xaero.pac.OpenPartiesAndClaims/]: Updating all forceload tickets for c4a24477-ad1c-3283-8513-c2225e18f5f8
[02Jan2026 21:15:25.289] [Server thread/INFO] [Jade/]: Syncing config to Bict10 (c4a24477-ad1c-3283-8513-c2225e18f5f8)
[02Jan2026 21:15:26.284] [Server thread/WARN] [net.minecraft.server.level.ServerEntity/]: Fetching packet for removed entity ItemEntity['Air'/979, l='ServerLevel[Mundo Nuevo Server]', x=-118.38, y=95.64, z=377.58, removed=DISCARDED]
[02Jan2026 21:15:27.503] [Server thread/INFO] [org.betterx.worlds.together.util.Logger/]: [bclib] Received Hello from Client. (server=3.0.14, client=3.0.14)
[02Jan2026 21:15:27.505] [Server thread/INFO] [org.betterx.worlds.together.util.Logger/]: [bclib] Sending Hello to Client. (server=3.0.14)
[02Jan2026 21:15:27.507] [Server thread/INFO] [org.betterx.worlds.together.util.Logger/]: [bclib] 	- Listing Mod betternether v9.0.10 (size: 21.9 MiB, download=true)
[02Jan2026 21:15:27.508] [Server thread/INFO] [org.betterx.worlds.together.util.Logger/]: [bclib] 	- Listing Mod bclib v3.0.14 (size: 2.2 MiB, download=true)
[02Jan2026 21:15:27.509] [Server thread/INFO] [org.betterx.worlds.together.util.Logger/]: [bclib] 	- Offering Config bclib.CONFIG_betternether.main
[02Jan2026 21:15:27.509] [Server thread/INFO] [org.betterx.worlds.together.util.Logger/]: [bclib] 	- Offering Config bclib.CONFIG_betternether.generator
[02Jan2026 21:15:27.511] [Server thread/INFO] [org.betterx.worlds.together.util.Logger/]: [bclib] 	- Offering Config bclib.CONFIG_betternether.blocks
[02Jan2026 21:15:27.511] [Server thread/INFO] [org.betterx.worlds.together.util.Logger/]: [bclib] 	- Offering Config bclib.CONFIG_betternether.items
[02Jan2026 21:15:27.512] [Server thread/INFO] [org.betterx.worlds.together.util.Logger/]: [bclib] 	- Offering Config bclib.CONFIG_betternether.biomes
[02Jan2026 21:15:27.512] [Server thread/INFO] [org.betterx.worlds.together.util.Logger/]: [bclib] 	- Offering Config bclib.CONFIG_betternether.mobs
[02Jan2026 21:15:27.512] [Server thread/INFO] [org.betterx.worlds.together.util.Logger/]: [bclib] 	- Offering Config bclib.CONFIG_betterend.entities
[02Jan2026 21:15:27.514] [Server thread/INFO] [org.betterx.worlds.together.util.Logger/]: [bclib] 	- Offering Config bclib.CONFIG_betterend.blocks
[02Jan2026 21:15:27.515] [Server thread/INFO] [org.betterx.worlds.together.util.Logger/]: [bclib] 	- Offering Config bclib.CONFIG_betterend.items
[02Jan2026 21:15:27.515] [Server thread/INFO] [org.betterx.worlds.together.util.Logger/]: [bclib] 	- Offering Config bclib.CONFIG_betterend.enchantments
[02Jan2026 21:15:27.515] [Server thread/INFO] [org.betterx.worlds.together.util.Logger/]: [bclib] 	- Offering Config bclib.CONFIG_bclib.generator
[02Jan2026 21:15:27.516] [Server thread/INFO] [org.betterx.worlds.together.util.Logger/]: [bclib] 	- Offering Config bclib.CONFIG_bclib.main
[02Jan2026 21:15:27.516] [Server thread/INFO] [org.betterx.worlds.together.util.Logger/]: [bclib] 	- Offering Config bclib.CONFIG_bclib.biomes
[02Jan2026 21:15:27.517] [Server thread/INFO] [org.betterx.worlds.together.util.Logger/]: [bclib] 	- Offering Folder /workspaces/Minecraft-server-1.20.1-VERSION-1.0/servidor_minecraft/bclib-sync (allowDelete=true)
[02Jan2026 21:16:27.666] [Server thread/INFO] [net.minecraft.server.network.ServerLoginPacketListenerImpl/]: com.mojang.authlib.GameProfile@58d5de1[id=<null>,name=takumi_19,properties={},legacy=false] (/127.34.90.15:55829) lost connection: Disconnected
[02Jan2026 21:16:33.197] [Server thread/INFO] [net.minecraft.server.players.PlayerList/]: takumi_19[/127.34.90.15:38591] logged in with entity id 1357 at (-115.85191505008166, 94.0, 379.797538466325)
[02Jan2026 21:16:33.217] [Server thread/INFO] [org.betterx.worlds.together.util.Logger/]: [betternether] Freeze Registry[ResourceKey[minecraft:root / worlds_together:worldgen/betterx/surface_rules] (Stable)]
[02Jan2026 21:16:33.233] [Server thread/INFO] [net.minecraft.server.MinecraftServer/]: takumi_19 joined the game
[02Jan2026 21:16:33.264] [Server thread/WARN] [net.minecraft.server.level.ServerEntity/]: Fetching packet for removed entity ItemEntity['Air'/979, l='ServerLevel[Mundo Nuevo Server]', x=-118.38, y=95.64, z=377.58, removed=DISCARDED]
[02Jan2026 21:16:33.287] [Server thread/INFO] [xaero.pac.OpenPartiesAndClaims/]: Updating all forceload tickets for e3cb9f51-2d55-36d5-b57e-24ab13ec30de
[02Jan2026 21:16:33.302] [Server thread/INFO] [Jade/]: Syncing config to takumi_19 (e3cb9f51-2d55-36d5-b57e-24ab13ec30de)
[02Jan2026 21:16:33.986] [Server thread/INFO] [org.betterx.worlds.together.util.Logger/]: [bclib] Received Hello from Client. (server=3.0.14, client=3.0.14)
[02Jan2026 21:16:33.987] [Server thread/INFO] [org.betterx.worlds.together.util.Logger/]: [bclib] Sending Hello to Client. (server=3.0.14)
[02Jan2026 21:16:33.987] [Server thread/INFO] [org.betterx.worlds.together.util.Logger/]: [bclib] 	- Listing Mod betternether v9.0.10 (size: 21.9 MiB, download=true)
[02Jan2026 21:16:33.987] [Server thread/INFO] [org.betterx.worlds.together.util.Logger/]: [bclib] 	- Listing Mod bclib v3.0.14 (size: 2.2 MiB, download=true)
[02Jan2026 21:16:33.988] [Server thread/INFO] [org.betterx.worlds.together.util.Logger/]: [bclib] 	- Offering Config bclib.CONFIG_betternether.main
[02Jan2026 21:16:33.988] [Server thread/INFO] [org.betterx.worlds.together.util.Logger/]: [bclib] 	- Offering Config bclib.CONFIG_betternether.generator
[02Jan2026 21:16:33.988] [Server thread/INFO] [org.betterx.worlds.together.util.Logger/]: [bclib] 	- Offering Config bclib.CONFIG_betternether.blocks
[02Jan2026 21:16:33.988] [Server thread/INFO] [org.betterx.worlds.together.util.Logger/]: [bclib] 	- Offering Config bclib.CONFIG_betternether.items
[02Jan2026 21:16:33.988] [Server thread/INFO] [org.betterx.worlds.together.util.Logger/]: [bclib] 	- Offering Config bclib.CONFIG_betternether.biomes
[02Jan2026 21:16:33.988] [Server thread/INFO] [org.betterx.worlds.together.util.Logger/]: [bclib] 	- Offering Config bclib.CONFIG_betternether.mobs
[02Jan2026 21:16:33.988] [Server thread/INFO] [org.betterx.worlds.together.util.Logger/]: [bclib] 	- Offering Config bclib.CONFIG_betterend.entities
[02Jan2026 21:16:33.988] [Server thread/INFO] [org.betterx.worlds.together.util.Logger/]: [bclib] 	- Offering Config bclib.CONFIG_betterend.blocks
[02Jan2026 21:16:33.988] [Server thread/INFO] [org.betterx.worlds.together.util.Logger/]: [bclib] 	- Offering Config bclib.CONFIG_betterend.items
[02Jan2026 21:16:33.988] [Server thread/INFO] [org.betterx.worlds.together.util.Logger/]: [bclib] 	- Offering Config bclib.CONFIG_betterend.enchantments
[02Jan2026 21:16:33.989] [Server thread/INFO] [org.betterx.worlds.together.util.Logger/]: [bclib] 	- Offering Config bclib.CONFIG_bclib.generator
[02Jan2026 21:16:33.989] [Server thread/INFO] [org.betterx.worlds.together.util.Logger/]: [bclib] 	- Offering Config bclib.CONFIG_bclib.main
[02Jan2026 21:16:33.989] [Server thread/INFO] [org.betterx.worlds.together.util.Logger/]: [bclib] 	- Offering Config bclib.CONFIG_bclib.biomes
[02Jan2026 21:16:33.989] [Server thread/INFO] [org.betterx.worlds.together.util.Logger/]: [bclib] 	- Offering Folder /workspaces/Minecraft-server-1.20.1-VERSION-1.0/servidor_minecraft/bclib-sync (allowDelete=true)
[02Jan2026 21:17:36.035] [Server thread/WARN] [net.minecraft.server.level.ServerEntity/]: Fetching packet for removed entity ItemEntity['Air'/979, l='ServerLevel[Mundo Nuevo Server]', x=-118.38, y=95.64, z=377.58, removed=DISCARDED]
[02Jan2026 21:21:04.940] [Server thread/WARN] [net.minecraft.server.level.ServerEntity/]: Fetching packet for removed entity ItemEntity['Air'/979, l='ServerLevel[Mundo Nuevo Server]', x=-118.38, y=95.64, z=377.58, removed=DISCARDED]
[02Jan2026 21:21:11.548] [Server thread/WARN] [net.minecraft.server.level.ServerEntity/]: Fetching packet for removed entity ItemEntity['Air'/979, l='ServerLevel[Mundo Nuevo Server]', x=-118.38, y=95.64, z=377.58, removed=DISCARDED]
[02Jan2026 21:21:33.079] [Server thread/WARN] [net.minecraft.server.level.ServerEntity/]: Fetching packet for removed entity ItemEntity['Air'/979, l='ServerLevel[Mundo Nuevo Server]', x=-118.38, y=95.64, z=377.58, removed=DISCARDED]
[02Jan2026 21:21:54.935] [Server thread/WARN] [net.minecraft.server.level.ServerEntity/]: Fetching packet for removed entity ItemEntity['Air'/979, l='ServerLevel[Mundo Nuevo Server]', x=-118.38, y=95.64, z=377.58, removed=DISCARDED]
[02Jan2026 21:41:56.764] [Server thread/WARN] [tombstone/]: The death event of the player takumi_19 was canceled by another mod
[02Jan2026 21:41:56.767] [Server thread/INFO] [tombstone/]: The player takumi_19 has successfully been saved
[02Jan2026 21:42:12.635] [Server thread/WARN] [net.minecraft.server.network.ServerGamePacketListenerImpl/]: Bict10 moved too quickly! 5.666840621551614,1.5009966402674735,8.251143744323343
[02Jan2026 21:42:16.580] [Server thread/INFO] [net.minecraft.server.MinecraftServer/]: takumi_19 was incinerated by an Encased Fan
[02Jan2026 21:43:15.265] [Server thread/WARN] [net.minecraft.server.level.ServerEntity/]: Fetching packet for removed entity ItemEntity['Air'/979, l='ServerLevel[Mundo Nuevo Server]', x=-118.38, y=95.64, z=377.58, removed=DISCARDED]
[02Jan2026 21:52:50.774] [Server thread/INFO] [net.minecraft.world.entity.npc.Villager/]: Villager Villager['Fisherman'/921, l='ServerLevel[Mundo Nuevo Server]', x=119.30, y=92.00, z=51.83] died, message: 'Fisherman was slain by Zombie'
[02Jan2026 21:53:03.882] [Server thread/INFO] [net.minecraft.world.entity.npc.Villager/]: Villager Villager['Librarian'/923, l='ServerLevel[Mundo Nuevo Server]', x=112.45, y=92.00, z=51.54] died, message: 'Librarian was slain by Zombie'
[02Jan2026 21:54:43.934] [Server thread/INFO] [net.minecraft.world.entity.npc.Villager/]: Villager Villager['Fisherman'/858, l='ServerLevel[Mundo Nuevo Server]', x=122.85, y=92.00, z=50.63] died, message: 'Fisherman was slain by Zombie'
[02Jan2026 22:00:20.992] [Server thread/INFO] [net.minecraft.server.network.ServerGamePacketListenerImpl/]: takumi_19 lost connection: Disconnected
[02Jan2026 22:00:20.992] [Server thread/INFO] [net.minecraft.server.MinecraftServer/]: takumi_19 left the game
[02Jan2026 22:00:20.993] [Server thread/INFO] [xaero.pac.OpenPartiesAndClaims/]: Updating all forceload tickets for e3cb9f51-2d55-36d5-b57e-24ab13ec30de
[02Jan2026 22:00:22.773] [Server thread/INFO] [net.minecraft.server.network.ServerGamePacketListenerImpl/]: Bict10 lost connection: Disconnected
[02Jan2026 22:00:22.774] [Server thread/INFO] [net.minecraft.server.MinecraftServer/]: Bict10 left the game
[02Jan2026 22:00:22.774] [Server thread/INFO] [xaero.pac.OpenPartiesAndClaims/]: Updating all forceload tickets for c4a24477-ad1c-3283-8513-c2225e18f5f8
[02Jan2026 22:00:37.854] [Server thread/INFO] [net.minecraft.server.MinecraftServer/]: Stopping the server
[02Jan2026 22:00:37.903] [Server thread/INFO] [VivecraftServer/]: Vivecraft: shutting down vivecraft scheduler
[02Jan2026 22:00:37.903] [Server thread/INFO] [net.minecraft.server.MinecraftServer/]: Stopping server
[02Jan2026 22:00:37.904] [Server thread/INFO] [net.minecraft.server.MinecraftServer/]: Saving players
[02Jan2026 22:00:37.904] [Server thread/INFO] [net.minecraft.server.MinecraftServer/]: Saving worlds
[02Jan2026 22:00:37.949] [Server thread/INFO] [net.minecraft.server.MinecraftServer/]: Saving chunks for level 'ServerLevel[Mundo Nuevo Server]'/minecraft:overworld
[02Jan2026 22:00:38.089] [Server thread/INFO] [net.minecraft.server.MinecraftServer/]: Saving chunks for level 'ServerLevel[Mundo Nuevo Server]'/minecraft:the_nether
[02Jan2026 22:00:38.090] [Server thread/INFO] [net.minecraft.server.MinecraftServer/]: Saving chunks for level 'ServerLevel[Mundo Nuevo Server]'/twilightforest:twilight_forest
[02Jan2026 22:00:38.091] [Server thread/INFO] [net.minecraft.server.MinecraftServer/]: Saving chunks for level 'ServerLevel[Mundo Nuevo Server]'/minecraft:the_end
[02Jan2026 22:00:38.145] [Server thread/INFO] [net.minecraft.server.MinecraftServer/]: ThreadedAnvilChunkStorage (world): All chunks are saved
[02Jan2026 22:00:38.145] [Server thread/INFO] [net.minecraft.server.MinecraftServer/]: ThreadedAnvilChunkStorage (DIM-1): All chunks are saved
[02Jan2026 22:00:38.145] [Server thread/INFO] [net.minecraft.server.MinecraftServer/]: ThreadedAnvilChunkStorage (twilight_forest): All chunks are saved
[02Jan2026 22:00:38.145] [Server thread/INFO] [net.minecraft.server.MinecraftServer/]: ThreadedAnvilChunkStorage (DIM1): All chunks are saved
[02Jan2026 22:00:38.145] [Server thread/INFO] [net.minecraft.server.MinecraftServer/]: ThreadedAnvilChunkStorage: All dimensions are saved
[02Jan2026 22:00:38.165] [Server thread/INFO] [xaero.pac.OpenPartiesAndClaims/]: Stopping IO worker...
[02Jan2026 22:00:38.166] [Server thread/INFO] [xaero.pac.OpenPartiesAndClaims/]: Stopped IO worker!
